stockname,sename,stockcode
平安银行,SZ000001,000001.SZ
万 科Ａ,SZ000002,000002.SZ
国农科技,SZ000004,000004.SZ
世纪星源,SZ000005,000005.SZ
深振业Ａ,SZ000006,000006.SZ
零七股份,SZ000007,000007.SZ
神州高铁,SZ000008,000008.SZ
中国宝安,SZ000009,000009.SZ
深华新,SZ000010,000010.SZ
深物业A,SZ000011,000011.SZ
南 玻Ａ,SZ000012,000012.SZ
沙河股份,SZ000014,000014.SZ
深康佳Ａ,SZ000016,000016.SZ
深中华A,SZ000017,000017.SZ
中冠A,SZ000018,000018.SZ
深深宝Ａ,SZ000019,000019.SZ
深华发Ａ,SZ000020,000020.SZ
深科技,SZ000021,000021.SZ
深赤湾Ａ,SZ000022,000022.SZ
深天地Ａ,SZ000023,000023.SZ
招商地产,SZ000024,000024.SZ
特 力Ａ,SZ000025,000025.SZ
飞亚达Ａ,SZ000026,000026.SZ
深圳能源,SZ000027,000027.SZ
国药一致,SZ000028,000028.SZ
深深房Ａ,SZ000029,000029.SZ
富奥股份,SZ000030,000030.SZ
中粮地产,SZ000031,000031.SZ
深桑达Ａ,SZ000032,000032.SZ
*ST新都,SZ000033,000033.SZ
深信泰丰,SZ000034,000034.SZ
中国天楹,SZ000035,000035.SZ
华联控股,SZ000036,000036.SZ
深南电Ａ,SZ000037,000037.SZ
深大通,SZ000038,000038.SZ
中集集团,SZ000039,000039.SZ
宝安地产,SZ000040,000040.SZ
中洲控股,SZ000042,000042.SZ
中航地产,SZ000043,000043.SZ
深纺织Ａ,SZ000045,000045.SZ
泛海控股,SZ000046,000046.SZ
康达尔,SZ000048,000048.SZ
德赛电池,SZ000049,000049.SZ
深天马Ａ,SZ000050,000050.SZ
方大集团,SZ000055,000055.SZ
皇庭国际,SZ000056,000056.SZ
深 赛 格,SZ000058,000058.SZ
*ST华锦,SZ000059,000059.SZ
中金岭南,SZ000060,000060.SZ
农 产 品,SZ000061,000061.SZ
深圳华强,SZ000062,000062.SZ
中兴通讯,SZ000063,000063.SZ
北方国际,SZ000065,000065.SZ
长城电脑,SZ000066,000066.SZ
*ST华赛,SZ000068,000068.SZ
华侨城Ａ,SZ000069,000069.SZ
特发信息,SZ000070,000070.SZ
海王生物,SZ000078,000078.SZ
盐 田 港,SZ000088,000088.SZ
深圳机场,SZ000089,000089.SZ
天健集团,SZ000090,000090.SZ
广聚能源,SZ000096,000096.SZ
中信海直,SZ000099,000099.SZ
TCL 集团,SZ000100,000100.SZ
宜华健康,SZ000150,000150.SZ
中成股份,SZ000151,000151.SZ
丰原药业,SZ000153,000153.SZ
*ST川化,SZ000155,000155.SZ
华数传媒,SZ000156,000156.SZ
中联重科,SZ000157,000157.SZ
常山股份,SZ000158,000158.SZ
国际实业,SZ000159,000159.SZ
申万宏源,SZ000166,000166.SZ
东方市场,SZ000301,000301.SZ
美的集团,SZ000333,000333.SZ
潍柴动力,SZ000338,000338.SZ
许继电气,SZ000400,000400.SZ
冀东水泥,SZ000401,000401.SZ
金 融 街,SZ000402,000402.SZ
ST生化,SZ000403,000403.SZ
华意压缩,SZ000404,000404.SZ
胜利股份,SZ000407,000407.SZ
金谷源,SZ000408,000408.SZ
山东地矿,SZ000409,000409.SZ
沈阳机床,SZ000410,000410.SZ
英特集团,SZ000411,000411.SZ
东旭光电,SZ000413,000413.SZ
渤海租赁,SZ000415,000415.SZ
民生控股,SZ000416,000416.SZ
合肥百货,SZ000417,000417.SZ
小天鹅Ａ,SZ000418,000418.SZ
通程控股,SZ000419,000419.SZ
吉林化纤,SZ000420,000420.SZ
南京中北,SZ000421,000421.SZ
湖北宜化,SZ000422,000422.SZ
东阿阿胶,SZ000423,000423.SZ
徐工机械,SZ000425,000425.SZ
兴业矿业,SZ000426,000426.SZ
华天酒店,SZ000428,000428.SZ
粤高速Ａ,SZ000429,000429.SZ
张家界,SZ000430,000430.SZ
晨鸣纸业,SZ000488,000488.SZ
山东路桥,SZ000498,000498.SZ
鄂武商Ａ,SZ000501,000501.SZ
绿景控股,SZ000502,000502.SZ
海虹控股,SZ000503,000503.SZ
南华生物,SZ000504,000504.SZ
珠江控股,SZ000505,000505.SZ
中润资源,SZ000506,000506.SZ
珠海港,SZ000507,000507.SZ
华塑控股,SZ000509,000509.SZ
*ST金路,SZ000510,000510.SZ
烯碳新材,SZ000511,000511.SZ
丽珠集团,SZ000513,000513.SZ
渝 开 发,SZ000514,000514.SZ
国际医学,SZ000516,000516.SZ
荣安地产,SZ000517,000517.SZ
四环生物,SZ000518,000518.SZ
江南红箭,SZ000519,000519.SZ
长航凤凰,SZ000520,000520.SZ
美菱电器,SZ000521,000521.SZ
广州浪奇,SZ000523,000523.SZ
岭南控股,SZ000524,000524.SZ
红 太 阳,SZ000525,000525.SZ
银润投资,SZ000526,000526.SZ
柳 工,SZ000528,000528.SZ
广弘控股,SZ000529,000529.SZ
大冷股份,SZ000530,000530.SZ
穗恒运Ａ,SZ000531,000531.SZ
力合股份,SZ000532,000532.SZ
万 家 乐,SZ000533,000533.SZ
万泽股份,SZ000534,000534.SZ
华映科技,SZ000536,000536.SZ
广宇发展,SZ000537,000537.SZ
云南白药,SZ000538,000538.SZ
粤电力Ａ,SZ000539,000539.SZ
中天城投,SZ000540,000540.SZ
佛山照明,SZ000541,000541.SZ
皖能电力,SZ000543,000543.SZ
中原环保,SZ000544,000544.SZ
金浦钛业,SZ000545,000545.SZ
金圆股份,SZ000546,000546.SZ
航天发展,SZ000547,000547.SZ
湖南投资,SZ000548,000548.SZ
江铃汽车,SZ000550,000550.SZ
创元科技,SZ000551,000551.SZ
靖远煤电,SZ000552,000552.SZ
沙隆达Ａ,SZ000553,000553.SZ
泰山石油,SZ000554,000554.SZ
神州信息,SZ000555,000555.SZ
*ST广夏,SZ000557,000557.SZ
莱茵体育,SZ000558,000558.SZ
万向钱潮,SZ000559,000559.SZ
昆百大Ａ,SZ000560,000560.SZ
烽火电子,SZ000561,000561.SZ
陕国投Ａ,SZ000563,000563.SZ
西安民生,SZ000564,000564.SZ
渝三峡Ａ,SZ000565,000565.SZ
海南海药,SZ000566,000566.SZ
海德股份,SZ000567,000567.SZ
泸州老窖,SZ000568,000568.SZ
苏常柴Ａ,SZ000570,000570.SZ
新大洲Ａ,SZ000571,000571.SZ
海马汽车,SZ000572,000572.SZ
粤宏远Ａ,SZ000573,000573.SZ
广东甘化,SZ000576,000576.SZ
威孚高科,SZ000581,000581.SZ
北部湾港,SZ000582,000582.SZ
友利控股,SZ000584,000584.SZ
东北电气,SZ000585,000585.SZ
汇源通信,SZ000586,000586.SZ
金叶珠宝,SZ000587,000587.SZ
黔轮胎Ａ,SZ000589,000589.SZ
*ST古汉,SZ000590,000590.SZ
桐 君 阁,SZ000591,000591.SZ
平潭发展,SZ000592,000592.SZ
大通燃气,SZ000593,000593.SZ
宝塔实业,SZ000595,000595.SZ
古井贡酒,SZ000596,000596.SZ
东北制药,SZ000597,000597.SZ
兴蓉环境,SZ000598,000598.SZ
青岛双星,SZ000599,000599.SZ
建投能源,SZ000600,000600.SZ
韶能股份,SZ000601,000601.SZ
盛达矿业,SZ000603,000603.SZ
渤海股份,SZ000605,000605.SZ
青海明胶,SZ000606,000606.SZ
华媒控股,SZ000607,000607.SZ
阳光股份,SZ000608,000608.SZ
绵世股份,SZ000609,000609.SZ
西安旅游,SZ000610,000610.SZ
*ST蒙发,SZ000611,000611.SZ
焦作万方,SZ000612,000612.SZ
大东海A,SZ000613,000613.SZ
湖北金环,SZ000615,000615.SZ
海航投资,SZ000616,000616.SZ
石油济柴,SZ000617,000617.SZ
海螺型材,SZ000619,000619.SZ
新华联,SZ000620,000620.SZ
恒立实业,SZ000622,000622.SZ
吉林敖东,SZ000623,000623.SZ
长安汽车,SZ000625,000625.SZ
如意集团,SZ000626,000626.SZ
天茂集团,SZ000627,000627.SZ
高新发展,SZ000628,000628.SZ
攀钢钒钛,SZ000629,000629.SZ
铜陵有色,SZ000630,000630.SZ
顺发恒业,SZ000631,000631.SZ
三木集团,SZ000632,000632.SZ
合金投资,SZ000633,000633.SZ
英 力 特,SZ000635,000635.SZ
风华高科,SZ000636,000636.SZ
茂化实华,SZ000637,000637.SZ
万方发展,SZ000638,000638.SZ
西王食品,SZ000639,000639.SZ
仁和药业,SZ000650,000650.SZ
格力电器,SZ000651,000651.SZ
泰达股份,SZ000652,000652.SZ
金岭矿业,SZ000655,000655.SZ
金科股份,SZ000656,000656.SZ
中钨高新,SZ000657,000657.SZ
*ST中富,SZ000659,000659.SZ
长春高新,SZ000661,000661.SZ
索芙特,SZ000662,000662.SZ
永安林业,SZ000663,000663.SZ
湖北广电,SZ000665,000665.SZ
经纬纺机,SZ000666,000666.SZ
美好集团,SZ000667,000667.SZ
荣丰控股,SZ000668,000668.SZ
金鸿能源,SZ000669,000669.SZ
盈方微,SZ000670,000670.SZ
阳 光 城,SZ000671,000671.SZ
上峰水泥,SZ000672,000672.SZ
当代东方,SZ000673,000673.SZ
智度投资,SZ000676,000676.SZ
*ST海龙,SZ000677,000677.SZ
襄阳轴承,SZ000678,000678.SZ
大连友谊,SZ000679,000679.SZ
山推股份,SZ000680,000680.SZ
视觉中国,SZ000681,000681.SZ
东方电子,SZ000682,000682.SZ
远兴能源,SZ000683,000683.SZ
中山公用,SZ000685,000685.SZ
东北证券,SZ000686,000686.SZ
恒天天鹅,SZ000687,000687.SZ
建新矿业,SZ000688,000688.SZ
宝新能源,SZ000690,000690.SZ
亚太实业,SZ000691,000691.SZ
惠天热电,SZ000692,000692.SZ
华泽钴镍,SZ000693,000693.SZ
滨海能源,SZ000695,000695.SZ
炼石有色,SZ000697,000697.SZ
沈阳化工,SZ000698,000698.SZ
模塑科技,SZ000700,000700.SZ
厦门信达,SZ000701,000701.SZ
正虹科技,SZ000702,000702.SZ
恒逸石化,SZ000703,000703.SZ
浙江震元,SZ000705,000705.SZ
双环科技,SZ000707,000707.SZ
大冶特钢,SZ000708,000708.SZ
河北钢铁,SZ000709,000709.SZ
天兴仪表,SZ000710,000710.SZ
*ST京蓝,SZ000711,000711.SZ
锦龙股份,SZ000712,000712.SZ
丰乐种业,SZ000713,000713.SZ
中兴商业,SZ000715,000715.SZ
黑芝麻,SZ000716,000716.SZ
韶钢松山,SZ000717,000717.SZ
苏宁环球,SZ000718,000718.SZ
大地传媒,SZ000719,000719.SZ
新能泰山,SZ000720,000720.SZ
西安饮食,SZ000721,000721.SZ
湖南发展,SZ000722,000722.SZ
美锦能源,SZ000723,000723.SZ
京东方Ａ,SZ000725,000725.SZ
鲁 泰Ａ,SZ000726,000726.SZ
华东科技,SZ000727,000727.SZ
国元证券,SZ000728,000728.SZ
燕京啤酒,SZ000729,000729.SZ
四川美丰,SZ000731,000731.SZ
泰禾集团,SZ000732,000732.SZ
振华科技,SZ000733,000733.SZ
罗 牛 山,SZ000735,000735.SZ
中房地产,SZ000736,000736.SZ
南风化工,SZ000737,000737.SZ
中航动控,SZ000738,000738.SZ
普洛药业,SZ000739,000739.SZ
长城信息,SZ000748,000748.SZ
国海证券,SZ000750,000750.SZ
锌业股份,SZ000751,000751.SZ
西藏发展,SZ000752,000752.SZ
漳州发展,SZ000753,000753.SZ
山西三维,SZ000755,000755.SZ
新华制药,SZ000756,000756.SZ
浩物股份,SZ000757,000757.SZ
中色股份,SZ000758,000758.SZ
中百集团,SZ000759,000759.SZ
斯太尔,SZ000760,000760.SZ
本钢板材,SZ000761,000761.SZ
西藏矿业,SZ000762,000762.SZ
通化金马,SZ000766,000766.SZ
漳泽电力,SZ000767,000767.SZ
中航飞机,SZ000768,000768.SZ
广发证券,SZ000776,000776.SZ
中核科技,SZ000777,000777.SZ
新兴铸管,SZ000778,000778.SZ
三毛派神,SZ000779,000779.SZ
平庄能源,SZ000780,000780.SZ
美达股份,SZ000782,000782.SZ
长江证券,SZ000783,000783.SZ
武汉中商,SZ000785,000785.SZ
北新建材,SZ000786,000786.SZ
北大医药,SZ000788,000788.SZ
万年青,SZ000789,000789.SZ
华神集团,SZ000790,000790.SZ
甘肃电投,SZ000791,000791.SZ
盐湖股份,SZ000792,000792.SZ
华闻传媒,SZ000793,000793.SZ
太原刚玉,SZ000795,000795.SZ
凯撒旅游,SZ000796,000796.SZ
中国武夷,SZ000797,000797.SZ
中水渔业,SZ000798,000798.SZ
*ST酒鬼,SZ000799,000799.SZ
一汽轿车,SZ000800,000800.SZ
四川九洲,SZ000801,000801.SZ
北京文化,SZ000802,000802.SZ
金宇车城,SZ000803,000803.SZ
银河投资,SZ000806,000806.SZ
云铝股份,SZ000807,000807.SZ
铁岭新城,SZ000809,000809.SZ
创维数字,SZ000810,000810.SZ
烟台冰轮,SZ000811,000811.SZ
陕西金叶,SZ000812,000812.SZ
天山纺织,SZ000813,000813.SZ
*ST美利,SZ000815,000815.SZ
智慧农业,SZ000816,000816.SZ
方大化工,SZ000818,000818.SZ
岳阳兴长,SZ000819,000819.SZ
金城股份,SZ000820,000820.SZ
京山轻机,SZ000821,000821.SZ
山东海化,SZ000822,000822.SZ
超声电子,SZ000823,000823.SZ
太钢不锈,SZ000825,000825.SZ
桑德环境,SZ000826,000826.SZ
东莞控股,SZ000828,000828.SZ
天音控股,SZ000829,000829.SZ
鲁西化工,SZ000830,000830.SZ
五矿稀土,SZ000831,000831.SZ
贵糖股份,SZ000833,000833.SZ
长城动漫,SZ000835,000835.SZ
鑫茂科技,SZ000836,000836.SZ
秦川机床,SZ000837,000837.SZ
国兴地产,SZ000838,000838.SZ
中信国安,SZ000839,000839.SZ
承德露露,SZ000848,000848.SZ
华茂股份,SZ000850,000850.SZ
高鸿股份,SZ000851,000851.SZ
石化机械,SZ000852,000852.SZ
冀东装备,SZ000856,000856.SZ
五 粮 液,SZ000858,000858.SZ
国风塑业,SZ000859,000859.SZ
顺鑫农业,SZ000860,000860.SZ
海印股份,SZ000861,000861.SZ
银星能源,SZ000862,000862.SZ
三湘股份,SZ000863,000863.SZ
安凯客车,SZ000868,000868.SZ
张 裕Ａ,SZ000869,000869.SZ
吉电股份,SZ000875,000875.SZ
新 希 望,SZ000876,000876.SZ
天山股份,SZ000877,000877.SZ
云南铜业,SZ000878,000878.SZ
潍柴重机,SZ000880,000880.SZ
大连国际,SZ000881,000881.SZ
华联股份,SZ000882,000882.SZ
湖北能源,SZ000883,000883.SZ
同力水泥,SZ000885,000885.SZ
海南高速,SZ000886,000886.SZ
中鼎股份,SZ000887,000887.SZ
峨眉山Ａ,SZ000888,000888.SZ
茂业物流,SZ000889,000889.SZ
法 尔 胜,SZ000890,000890.SZ
*ST星美,SZ000892,000892.SZ
东凌粮油,SZ000893,000893.SZ
双汇发展,SZ000895,000895.SZ
津滨发展,SZ000897,000897.SZ
鞍钢股份,SZ000898,000898.SZ
赣能股份,SZ000899,000899.SZ
现代投资,SZ000900,000900.SZ
航天科技,SZ000901,000901.SZ
新洋丰,SZ000902,000902.SZ
云内动力,SZ000903,000903.SZ
厦门港务,SZ000905,000905.SZ
物产中拓,SZ000906,000906.SZ
景峰医药,SZ000908,000908.SZ
数源科技,SZ000909,000909.SZ
大亚科技,SZ000910,000910.SZ
南宁糖业,SZ000911,000911.SZ
*ST天化,SZ000912,000912.SZ
钱江摩托,SZ000913,000913.SZ
山大华特,SZ000915,000915.SZ
华北高速,SZ000916,000916.SZ
电广传媒,SZ000917,000917.SZ
嘉凯城,SZ000918,000918.SZ
金陵药业,SZ000919,000919.SZ
南方汇通,SZ000920,000920.SZ
海信科龙,SZ000921,000921.SZ
佳电股份,SZ000922,000922.SZ
河北宣工,SZ000923,000923.SZ
众合科技,SZ000925,000925.SZ
福星股份,SZ000926,000926.SZ
*ST夏利,SZ000927,000927.SZ
中钢国际,SZ000928,000928.SZ
兰州黄河,SZ000929,000929.SZ
中粮生化,SZ000930,000930.SZ
中 关 村,SZ000931,000931.SZ
华菱钢铁,SZ000932,000932.SZ
神火股份,SZ000933,000933.SZ
四川双马,SZ000935,000935.SZ
华西股份,SZ000936,000936.SZ
冀中能源,SZ000937,000937.SZ
紫光股份,SZ000938,000938.SZ
凯迪生态,SZ000939,000939.SZ
南天信息,SZ000948,000948.SZ
新乡化纤,SZ000949,000949.SZ
建峰化工,SZ000950,000950.SZ
中国重汽,SZ000951,000951.SZ
广济药业,SZ000952,000952.SZ
河池化工,SZ000953,000953.SZ
欣龙控股,SZ000955,000955.SZ
中通客车,SZ000957,000957.SZ
东方能源,SZ000958,000958.SZ
首钢股份,SZ000959,000959.SZ
锡业股份,SZ000960,000960.SZ
中南建设,SZ000961,000961.SZ
东方钽业,SZ000962,000962.SZ
华东医药,SZ000963,000963.SZ
天保基建,SZ000965,000965.SZ
长源电力,SZ000966,000966.SZ
上风高科,SZ000967,000967.SZ
煤 气 化,SZ000968,000968.SZ
安泰科技,SZ000969,000969.SZ
中科三环,SZ000970,000970.SZ
蓝鼎控股,SZ000971,000971.SZ
新中基,SZ000972,000972.SZ
佛塑科技,SZ000973,000973.SZ
银泰资源,SZ000975,000975.SZ
*ST春晖,SZ000976,000976.SZ
浪潮信息,SZ000977,000977.SZ
桂林旅游,SZ000978,000978.SZ
中弘股份,SZ000979,000979.SZ
金马股份,SZ000980,000980.SZ
银亿股份,SZ000981,000981.SZ
中银绒业,SZ000982,000982.SZ
西山煤电,SZ000983,000983.SZ
大庆华科,SZ000985,000985.SZ
广州友谊,SZ000987,000987.SZ
华工科技,SZ000988,000988.SZ
九 芝 堂,SZ000989,000989.SZ
诚志股份,SZ000990,000990.SZ
闽东电力,SZ000993,000993.SZ
*ST皇台,SZ000995,000995.SZ
中国中期,SZ000996,000996.SZ
新 大 陆,SZ000997,000997.SZ
隆平高科,SZ000998,000998.SZ
华润三九,SZ000999,000999.SZ
宗申动力,SZ001696,001696.SZ
豫能控股,SZ001896,001896.SZ
新 和 成,SZ002001,002001.SZ
鸿达兴业,SZ002002,002002.SZ
伟星股份,SZ002003,002003.SZ
华邦健康,SZ002004,002004.SZ
德豪润达,SZ002005,002005.SZ
精功科技,SZ002006,002006.SZ
华兰生物,SZ002007,002007.SZ
大族激光,SZ002008,002008.SZ
天奇股份,SZ002009,002009.SZ
传化股份,SZ002010,002010.SZ
盾安环境,SZ002011,002011.SZ
凯恩股份,SZ002012,002012.SZ
中航机电,SZ002013,002013.SZ
永新股份,SZ002014,002014.SZ
*ST霞客,SZ002015,002015.SZ
世荣兆业,SZ002016,002016.SZ
东信和平,SZ002017,002017.SZ
华信国际,SZ002018,002018.SZ
亿帆鑫富,SZ002019,002019.SZ
京新药业,SZ002020,002020.SZ
中捷资源,SZ002021,002021.SZ
科华生物,SZ002022,002022.SZ
海特高新,SZ002023,002023.SZ
苏宁云商,SZ002024,002024.SZ
航天电器,SZ002025,002025.SZ
山东威达,SZ002026,002026.SZ
七喜控股,SZ002027,002027.SZ
思源电气,SZ002028,002028.SZ
七 匹 狼,SZ002029,002029.SZ
达安基因,SZ002030,002030.SZ
巨轮智能,SZ002031,002031.SZ
苏 泊 尔,SZ002032,002032.SZ
丽江旅游,SZ002033,002033.SZ
美 欣 达,SZ002034,002034.SZ
华帝股份,SZ002035,002035.SZ
汉麻产业,SZ002036,002036.SZ
久联发展,SZ002037,002037.SZ
双鹭药业,SZ002038,002038.SZ
黔源电力,SZ002039,002039.SZ
南 京 港,SZ002040,002040.SZ
登海种业,SZ002041,002041.SZ
华孚色纺,SZ002042,002042.SZ
兔 宝 宝,SZ002043,002043.SZ
江苏三友,SZ002044,002044.SZ
国光电器,SZ002045,002045.SZ
轴研科技,SZ002046,002046.SZ
宝鹰股份,SZ002047,002047.SZ
宁波华翔,SZ002048,002048.SZ
同方国芯,SZ002049,002049.SZ
三花股份,SZ002050,002050.SZ
中工国际,SZ002051,002051.SZ
同洲电子,SZ002052,002052.SZ
云南盐化,SZ002053,002053.SZ
德美化工,SZ002054,002054.SZ
得润电子,SZ002055,002055.SZ
横店东磁,SZ002056,002056.SZ
中钢天源,SZ002057,002057.SZ
威 尔 泰,SZ002058,002058.SZ
云南旅游,SZ002059,002059.SZ
粤 水 电,SZ002060,002060.SZ
江山化工,SZ002061,002061.SZ
宏润建设,SZ002062,002062.SZ
远光软件,SZ002063,002063.SZ
华峰氨纶,SZ002064,002064.SZ
东华软件,SZ002065,002065.SZ
瑞泰科技,SZ002066,002066.SZ
景兴纸业,SZ002067,002067.SZ
黑猫股份,SZ002068,002068.SZ
獐 子 岛,SZ002069,002069.SZ
众和股份,SZ002070,002070.SZ
长城影视,SZ002071,002071.SZ
凯瑞德,SZ002072,002072.SZ
软控股份,SZ002073,002073.SZ
国轩高科,SZ002074,002074.SZ
沙钢股份,SZ002075,002075.SZ
雪 莱 特,SZ002076,002076.SZ
大港股份,SZ002077,002077.SZ
太阳纸业,SZ002078,002078.SZ
苏州固锝,SZ002079,002079.SZ
中材科技,SZ002080,002080.SZ
金 螳 螂,SZ002081,002081.SZ
栋梁新材,SZ002082,002082.SZ
孚日股份,SZ002083,002083.SZ
海鸥卫浴,SZ002084,002084.SZ
万丰奥威,SZ002085,002085.SZ
东方海洋,SZ002086,002086.SZ
新野纺织,SZ002087,002087.SZ
鲁阳节能,SZ002088,002088.SZ
新 海 宜,SZ002089,002089.SZ
金智科技,SZ002090,002090.SZ
江苏国泰,SZ002091,002091.SZ
中泰化学,SZ002092,002092.SZ
国脉科技,SZ002093,002093.SZ
青岛金王,SZ002094,002094.SZ
生 意 宝,SZ002095,002095.SZ
南岭民爆,SZ002096,002096.SZ
山河智能,SZ002097,002097.SZ
浔兴股份,SZ002098,002098.SZ
海翔药业,SZ002099,002099.SZ
天康生物,SZ002100,002100.SZ
广东鸿图,SZ002101,002101.SZ
冠福股份,SZ002102,002102.SZ
广博股份,SZ002103,002103.SZ
恒宝股份,SZ002104,002104.SZ
信隆实业,SZ002105,002105.SZ
莱宝高科,SZ002106,002106.SZ
沃华医药,SZ002107,002107.SZ
沧州明珠,SZ002108,002108.SZ
兴化股份,SZ002109,002109.SZ
三钢闽光,SZ002110,002110.SZ
威海广泰,SZ002111,002111.SZ
三变科技,SZ002112,002112.SZ
天润控股,SZ002113,002113.SZ
罗平锌电,SZ002114,002114.SZ
三维通信,SZ002115,002115.SZ
中国海诚,SZ002116,002116.SZ
东港股份,SZ002117,002117.SZ
紫鑫药业,SZ002118,002118.SZ
康强电子,SZ002119,002119.SZ
新海股份,SZ002120,002120.SZ
科陆电子,SZ002121,002121.SZ
天马股份,SZ002122,002122.SZ
荣信股份,SZ002123,002123.SZ
天邦股份,SZ002124,002124.SZ
湘潭电化,SZ002125,002125.SZ
银轮股份,SZ002126,002126.SZ
新民科技,SZ002127,002127.SZ
露天煤业,SZ002128,002128.SZ
中环股份,SZ002129,002129.SZ
沃尔核材,SZ002130,002130.SZ
利欧股份,SZ002131,002131.SZ
恒星科技,SZ002132,002132.SZ
广宇集团,SZ002133,002133.SZ
天津普林,SZ002134,002134.SZ
东南网架,SZ002135,002135.SZ
安 纳 达,SZ002136,002136.SZ
实 益 达,SZ002137,002137.SZ
顺络电子,SZ002138,002138.SZ
拓邦股份,SZ002139,002139.SZ
东华科技,SZ002140,002140.SZ
蓉胜超微,SZ002141,002141.SZ
宁波银行,SZ002142,002142.SZ
印纪传媒,SZ002143,002143.SZ
宏达高科,SZ002144,002144.SZ
中核钛白,SZ002145,002145.SZ
荣盛发展,SZ002146,002146.SZ
方圆支承,SZ002147,002147.SZ
北纬通信,SZ002148,002148.SZ
西部材料,SZ002149,002149.SZ
通润装备,SZ002150,002150.SZ
北斗星通,SZ002151,002151.SZ
广电运通,SZ002152,002152.SZ
石基信息,SZ002153,002153.SZ
报 喜 鸟,SZ002154,002154.SZ
湖南黄金,SZ002155,002155.SZ
通富微电,SZ002156,002156.SZ
正邦科技,SZ002157,002157.SZ
汉钟精机,SZ002158,002158.SZ
三特索道,SZ002159,002159.SZ
常铝股份,SZ002160,002160.SZ
远 望 谷,SZ002161,002161.SZ
悦心健康,SZ002162,002162.SZ
中航三鑫,SZ002163,002163.SZ
宁波东力,SZ002164,002164.SZ
红 宝 丽,SZ002165,002165.SZ
莱茵生物,SZ002166,002166.SZ
东方锆业,SZ002167,002167.SZ
深圳惠程,SZ002168,002168.SZ
智光电气,SZ002169,002169.SZ
芭田股份,SZ002170,002170.SZ
楚江新材,SZ002171,002171.SZ
澳洋科技,SZ002172,002172.SZ
千足珍珠,SZ002173,002173.SZ
游族网络,SZ002174,002174.SZ
东方网络,SZ002175,002175.SZ
江特电机,SZ002176,002176.SZ
御银股份,SZ002177,002177.SZ
延华智能,SZ002178,002178.SZ
中航光电,SZ002179,002179.SZ
艾派克,SZ002180,002180.SZ
粤 传 媒,SZ002181,002181.SZ
云海金属,SZ002182,002182.SZ
怡 亚 通,SZ002183,002183.SZ
海得控制,SZ002184,002184.SZ
华天科技,SZ002185,002185.SZ
全 聚 德,SZ002186,002186.SZ
广百股份,SZ002187,002187.SZ
新 嘉 联,SZ002188,002188.SZ
利达光电,SZ002189,002189.SZ
成飞集成,SZ002190,002190.SZ
劲嘉股份,SZ002191,002191.SZ
*ST融捷,SZ002192,002192.SZ
山东如意,SZ002193,002193.SZ
武汉凡谷,SZ002194,002194.SZ
二三四五,SZ002195,002195.SZ
方正电机,SZ002196,002196.SZ
证通电子,SZ002197,002197.SZ
嘉应制药,SZ002198,002198.SZ
东晶电子,SZ002199,002199.SZ
云投生态,SZ002200,002200.SZ
九鼎新材,SZ002201,002201.SZ
金风科技,SZ002202,002202.SZ
海亮股份,SZ002203,002203.SZ
大连重工,SZ002204,002204.SZ
国统股份,SZ002205,002205.SZ
海 利 得,SZ002206,002206.SZ
准油股份,SZ002207,002207.SZ
合肥城建,SZ002208,002208.SZ
达 意 隆,SZ002209,002209.SZ
飞马国际,SZ002210,002210.SZ
宏达新材,SZ002211,002211.SZ
南洋股份,SZ002212,002212.SZ
特 尔 佳,SZ002213,002213.SZ
大立科技,SZ002214,002214.SZ
诺 普 信,SZ002215,002215.SZ
三全食品,SZ002216,002216.SZ
合力泰,SZ002217,002217.SZ
拓日新能,SZ002218,002218.SZ
恒康医疗,SZ002219,002219.SZ
天宝股份,SZ002220,002220.SZ
东华能源,SZ002221,002221.SZ
福晶科技,SZ002222,002222.SZ
鱼跃医疗,SZ002223,002223.SZ
三 力 士,SZ002224,002224.SZ
濮耐股份,SZ002225,002225.SZ
江南化工,SZ002226,002226.SZ
奥 特 迅,SZ002227,002227.SZ
合兴包装,SZ002228,002228.SZ
鸿博股份,SZ002229,002229.SZ
科大讯飞,SZ002230,002230.SZ
奥维通信,SZ002231,002231.SZ
启明信息,SZ002232,002232.SZ
塔牌集团,SZ002233,002233.SZ
民和股份,SZ002234,002234.SZ
安妮股份,SZ002235,002235.SZ
大华股份,SZ002236,002236.SZ
恒邦股份,SZ002237,002237.SZ
天威视讯,SZ002238,002238.SZ
奥特佳,SZ002239,002239.SZ
威华股份,SZ002240,002240.SZ
歌尔声学,SZ002241,002241.SZ
九阳股份,SZ002242,002242.SZ
通产丽星,SZ002243,002243.SZ
滨江集团,SZ002244,002244.SZ
澳洋顺昌,SZ002245,002245.SZ
北化股份,SZ002246,002246.SZ
帝龙新材,SZ002247,002247.SZ
华东数控,SZ002248,002248.SZ
大洋电机,SZ002249,002249.SZ
联化科技,SZ002250,002250.SZ
步 步 高,SZ002251,002251.SZ
上海莱士,SZ002252,002252.SZ
川大智胜,SZ002253,002253.SZ
泰和新材,SZ002254,002254.SZ
海陆重工,SZ002255,002255.SZ
彩虹精化,SZ002256,002256.SZ
利尔化学,SZ002258,002258.SZ
升达林业,SZ002259,002259.SZ
德奥通航,SZ002260,002260.SZ
拓维信息,SZ002261,002261.SZ
恩华药业,SZ002262,002262.SZ
大 东 南,SZ002263,002263.SZ
新 华 都,SZ002264,002264.SZ
西仪股份,SZ002265,002265.SZ
浙富控股,SZ002266,002266.SZ
陕天然气,SZ002267,002267.SZ
卫 士 通,SZ002268,002268.SZ
美邦服饰,SZ002269,002269.SZ
法因数控,SZ002270,002270.SZ
东方雨虹,SZ002271,002271.SZ
川润股份,SZ002272,002272.SZ
水晶光电,SZ002273,002273.SZ
华昌化工,SZ002274,002274.SZ
桂林三金,SZ002275,002275.SZ
万马股份,SZ002276,002276.SZ
友阿股份,SZ002277,002277.SZ
神开股份,SZ002278,002278.SZ
久其软件,SZ002279,002279.SZ
联络互动,SZ002280,002280.SZ
光迅科技,SZ002281,002281.SZ
博深工具,SZ002282,002282.SZ
天润曲轴,SZ002283,002283.SZ
亚太股份,SZ002284,002284.SZ
世联行,SZ002285,002285.SZ
保龄宝,SZ002286,002286.SZ
奇正藏药,SZ002287,002287.SZ
超华科技,SZ002288,002288.SZ
宇顺电子,SZ002289,002289.SZ
禾盛新材,SZ002290,002290.SZ
星期六,SZ002291,002291.SZ
奥飞动漫,SZ002292,002292.SZ
罗莱家纺,SZ002293,002293.SZ
信立泰,SZ002294,002294.SZ
精艺股份,SZ002295,002295.SZ
辉煌科技,SZ002296,002296.SZ
博云新材,SZ002297,002297.SZ
鑫龙电器,SZ002298,002298.SZ
圣农发展,SZ002299,002299.SZ
太阳电缆,SZ002300,002300.SZ
齐心集团,SZ002301,002301.SZ
西部建设,SZ002302,002302.SZ
美盈森,SZ002303,002303.SZ
洋河股份,SZ002304,002304.SZ
南国置业,SZ002305,002305.SZ
*ST云网,SZ002306,002306.SZ
北新路桥,SZ002307,002307.SZ
威创股份,SZ002308,002308.SZ
中利科技,SZ002309,002309.SZ
东方园林,SZ002310,002310.SZ
海大集团,SZ002311,002311.SZ
三泰控股,SZ002312,002312.SZ
日海通讯,SZ002313,002313.SZ
雅致股份,SZ002314,002314.SZ
焦点科技,SZ002315,002315.SZ
键桥通讯,SZ002316,002316.SZ
众生药业,SZ002317,002317.SZ
久立特材,SZ002318,002318.SZ
乐通股份,SZ002319,002319.SZ
海峡股份,SZ002320,002320.SZ
华英农业,SZ002321,002321.SZ
理工监测,SZ002322,002322.SZ
雅百特,SZ002323,002323.SZ
普利特,SZ002324,002324.SZ
洪涛股份,SZ002325,002325.SZ
永太科技,SZ002326,002326.SZ
富安娜,SZ002327,002327.SZ
新朋股份,SZ002328,002328.SZ
皇氏集团,SZ002329,002329.SZ
得利斯,SZ002330,002330.SZ
皖通科技,SZ002331,002331.SZ
仙琚制药,SZ002332,002332.SZ
罗普斯金,SZ002333,002333.SZ
英威腾,SZ002334,002334.SZ
科华恒盛,SZ002335,002335.SZ
人人乐,SZ002336,002336.SZ
赛象科技,SZ002337,002337.SZ
奥普光电,SZ002338,002338.SZ
积成电子,SZ002339,002339.SZ
格林美,SZ002340,002340.SZ
新纶科技,SZ002341,002341.SZ
巨力索具,SZ002342,002342.SZ
禾欣股份,SZ002343,002343.SZ
海宁皮城,SZ002344,002344.SZ
潮宏基,SZ002345,002345.SZ
柘中股份,SZ002346,002346.SZ
泰尔重工,SZ002347,002347.SZ
高乐股份,SZ002348,002348.SZ
精华制药,SZ002349,002349.SZ
北京科锐,SZ002350,002350.SZ
漫步者,SZ002351,002351.SZ
鼎泰新材,SZ002352,002352.SZ
杰瑞股份,SZ002353,002353.SZ
天神娱乐,SZ002354,002354.SZ
兴民钢圈,SZ002355,002355.SZ
浩宁达,SZ002356,002356.SZ
富临运业,SZ002357,002357.SZ
森源电气,SZ002358,002358.SZ
齐星铁塔,SZ002359,002359.SZ
同德化工,SZ002360,002360.SZ
神剑股份,SZ002361,002361.SZ
汉王科技,SZ002362,002362.SZ
隆基机械,SZ002363,002363.SZ
中恒电气,SZ002364,002364.SZ
永安药业,SZ002365,002365.SZ
丹甫股份,SZ002366,002366.SZ
康力电梯,SZ002367,002367.SZ
太极股份,SZ002368,002368.SZ
卓翼科技,SZ002369,002369.SZ
亚太药业,SZ002370,002370.SZ
七星电子,SZ002371,002371.SZ
伟星新材,SZ002372,002372.SZ
千方科技,SZ002373,002373.SZ
丽鹏股份,SZ002374,002374.SZ
亚厦股份,SZ002375,002375.SZ
新北洋,SZ002376,002376.SZ
国创高新,SZ002377,002377.SZ
章源钨业,SZ002378,002378.SZ
鲁丰环保,SZ002379,002379.SZ
科远股份,SZ002380,002380.SZ
双箭股份,SZ002381,002381.SZ
蓝帆医疗,SZ002382,002382.SZ
合众思壮,SZ002383,002383.SZ
东山精密,SZ002384,002384.SZ
大北农,SZ002385,002385.SZ
天原集团,SZ002386,002386.SZ
黑牛食品,SZ002387,002387.SZ
新亚制程,SZ002388,002388.SZ
南洋科技,SZ002389,002389.SZ
信邦制药,SZ002390,002390.SZ
长青股份,SZ002391,002391.SZ
北京利尔,SZ002392,002392.SZ
力生制药,SZ002393,002393.SZ
联发股份,SZ002394,002394.SZ
双象股份,SZ002395,002395.SZ
星网锐捷,SZ002396,002396.SZ
梦洁家纺,SZ002397,002397.SZ
建研集团,SZ002398,002398.SZ
海普瑞,SZ002399,002399.SZ
省广股份,SZ002400,002400.SZ
中海科技,SZ002401,002401.SZ
和而泰,SZ002402,002402.SZ
爱仕达,SZ002403,002403.SZ
嘉欣丝绸,SZ002404,002404.SZ
四维图新,SZ002405,002405.SZ
远东传动,SZ002406,002406.SZ
多氟多,SZ002407,002407.SZ
齐翔腾达,SZ002408,002408.SZ
雅克科技,SZ002409,002409.SZ
广联达,SZ002410,002410.SZ
九九久,SZ002411,002411.SZ
汉森制药,SZ002412,002412.SZ
常发股份,SZ002413,002413.SZ
高德红外,SZ002414,002414.SZ
海康威视,SZ002415,002415.SZ
爱施德,SZ002416,002416.SZ
*ST元达,SZ002417,002417.SZ
康盛股份,SZ002418,002418.SZ
天虹商场,SZ002419,002419.SZ
毅昌股份,SZ002420,002420.SZ
达实智能,SZ002421,002421.SZ
科伦药业,SZ002422,002422.SZ
中原特钢,SZ002423,002423.SZ
贵州百灵,SZ002424,002424.SZ
凯撒股份,SZ002425,002425.SZ
胜利精密,SZ002426,002426.SZ
尤夫股份,SZ002427,002427.SZ
云南锗业,SZ002428,002428.SZ
兆驰股份,SZ002429,002429.SZ
杭氧股份,SZ002430,002430.SZ
棕榈园林,SZ002431,002431.SZ
九安医疗,SZ002432,002432.SZ
太安堂,SZ002433,002433.SZ
万里扬,SZ002434,002434.SZ
长江润发,SZ002435,002435.SZ
兴森科技,SZ002436,002436.SZ
誉衡药业,SZ002437,002437.SZ
江苏神通,SZ002438,002438.SZ
启明星辰,SZ002439,002439.SZ
闰土股份,SZ002440,002440.SZ
众业达,SZ002441,002441.SZ
龙星化工,SZ002442,002442.SZ
金洲管道,SZ002443,002443.SZ
巨星科技,SZ002444,002444.SZ
中南重工,SZ002445,002445.SZ
盛路通信,SZ002446,002446.SZ
壹桥海参,SZ002447,002447.SZ
中原内配,SZ002448,002448.SZ
国星光电,SZ002449,002449.SZ
康得新,SZ002450,002450.SZ
摩恩电气,SZ002451,002451.SZ
长高集团,SZ002452,002452.SZ
天马精化,SZ002453,002453.SZ
松芝股份,SZ002454,002454.SZ
百川股份,SZ002455,002455.SZ
欧菲光,SZ002456,002456.SZ
青龙管业,SZ002457,002457.SZ
益生股份,SZ002458,002458.SZ
天业通联,SZ002459,002459.SZ
赣锋锂业,SZ002460,002460.SZ
珠江啤酒,SZ002461,002461.SZ
嘉事堂,SZ002462,002462.SZ
沪电股份,SZ002463,002463.SZ
金利科技,SZ002464,002464.SZ
海格通信,SZ002465,002465.SZ
天齐锂业,SZ002466,002466.SZ
二六三,SZ002467,002467.SZ
艾迪西,SZ002468,002468.SZ
三维工程,SZ002469,002469.SZ
金正大,SZ002470,002470.SZ
中超控股,SZ002471,002471.SZ
双环传动,SZ002472,002472.SZ
圣莱达,SZ002473,002473.SZ
榕基软件,SZ002474,002474.SZ
立讯精密,SZ002475,002475.SZ
宝莫股份,SZ002476,002476.SZ
雏鹰农牧,SZ002477,002477.SZ
常宝股份,SZ002478,002478.SZ
富春环保,SZ002479,002479.SZ
新筑股份,SZ002480,002480.SZ
双塔食品,SZ002481,002481.SZ
广田股份,SZ002482,002482.SZ
润邦股份,SZ002483,002483.SZ
江海股份,SZ002484,002484.SZ
希努尔,SZ002485,002485.SZ
嘉麟杰,SZ002486,002486.SZ
大金重工,SZ002487,002487.SZ
金固股份,SZ002488,002488.SZ
浙江永强,SZ002489,002489.SZ
山东墨龙,SZ002490,002490.SZ
通鼎互联,SZ002491,002491.SZ
恒基达鑫,SZ002492,002492.SZ
荣盛石化,SZ002493,002493.SZ
华斯股份,SZ002494,002494.SZ
佳隆股份,SZ002495,002495.SZ
辉丰股份,SZ002496,002496.SZ
雅化集团,SZ002497,002497.SZ
汉缆股份,SZ002498,002498.SZ
科林环保,SZ002499,002499.SZ
山西证券,SZ002500,002500.SZ
利源精制,SZ002501,002501.SZ
骅威股份,SZ002502,002502.SZ
搜于特,SZ002503,002503.SZ
弘高创意,SZ002504,002504.SZ
大康牧业,SZ002505,002505.SZ
协鑫集成,SZ002506,002506.SZ
涪陵榨菜,SZ002507,002507.SZ
老板电器,SZ002508,002508.SZ
天广消防,SZ002509,002509.SZ
天汽模,SZ002510,002510.SZ
中顺洁柔,SZ002511,002511.SZ
达华智能,SZ002512,002512.SZ
蓝丰生化,SZ002513,002513.SZ
宝馨科技,SZ002514,002514.SZ
金字火腿,SZ002515,002515.SZ
旷达科技,SZ002516,002516.SZ
泰亚股份,SZ002517,002517.SZ
科士达,SZ002518,002518.SZ
银河电子,SZ002519,002519.SZ
日发精机,SZ002520,002520.SZ
齐峰新材,SZ002521,002521.SZ
浙江众成,SZ002522,002522.SZ
天桥起重,SZ002523,002523.SZ
光正集团,SZ002524,002524.SZ
山东矿机,SZ002526,002526.SZ
新时达,SZ002527,002527.SZ
英飞拓,SZ002528,002528.SZ
海源机械,SZ002529,002529.SZ
丰东股份,SZ002530,002530.SZ
天顺风能,SZ002531,002531.SZ
新界泵业,SZ002532,002532.SZ
金杯电工,SZ002533,002533.SZ
杭锅股份,SZ002534,002534.SZ
林州重机,SZ002535,002535.SZ
西泵股份,SZ002536,002536.SZ
海立美达,SZ002537,002537.SZ
司尔特,SZ002538,002538.SZ
新都化工,SZ002539,002539.SZ
亚太科技,SZ002540,002540.SZ
鸿路钢构,SZ002541,002541.SZ
中化岩土,SZ002542,002542.SZ
万和电气,SZ002543,002543.SZ
杰赛科技,SZ002544,002544.SZ
东方铁塔,SZ002545,002545.SZ
新联电子,SZ002546,002546.SZ
春兴精工,SZ002547,002547.SZ
金新农,SZ002548,002548.SZ
凯美特气,SZ002549,002549.SZ
千红制药,SZ002550,002550.SZ
尚荣医疗,SZ002551,002551.SZ
宝鼎重工,SZ002552,002552.SZ
南方轴承,SZ002553,002553.SZ
惠博普,SZ002554,002554.SZ
顺荣三七,SZ002555,002555.SZ
辉隆股份,SZ002556,002556.SZ
洽洽食品,SZ002557,002557.SZ
世纪游轮,SZ002558,002558.SZ
亚威股份,SZ002559,002559.SZ
通达股份,SZ002560,002560.SZ
徐家汇,SZ002561,002561.SZ
兄弟科技,SZ002562,002562.SZ
森马服饰,SZ002563,002563.SZ
天沃科技,SZ002564,002564.SZ
上海绿新,SZ002565,002565.SZ
益盛药业,SZ002566,002566.SZ
唐人神,SZ002567,002567.SZ
百润股份,SZ002568,002568.SZ
步森股份,SZ002569,002569.SZ
贝因美,SZ002570,002570.SZ
德力股份,SZ002571,002571.SZ
索菲亚,SZ002572,002572.SZ
清新环境,SZ002573,002573.SZ
明牌珠宝,SZ002574,002574.SZ
群兴玩具,SZ002575,002575.SZ
通达动力,SZ002576,002576.SZ
雷柏科技,SZ002577,002577.SZ
闽发铝业,SZ002578,002578.SZ
中京电子,SZ002579,002579.SZ
圣阳股份,SZ002580,002580.SZ
未名医药,SZ002581,002581.SZ
好想你,SZ002582,002582.SZ
海能达,SZ002583,002583.SZ
西陇化工,SZ002584,002584.SZ
双星新材,SZ002585,002585.SZ
围海股份,SZ002586,002586.SZ
奥拓电子,SZ002587,002587.SZ
史丹利,SZ002588,002588.SZ
瑞康医药,SZ002589,002589.SZ
万安科技,SZ002590,002590.SZ
恒大高新,SZ002591,002591.SZ
八菱科技,SZ002592,002592.SZ
日上集团,SZ002593,002593.SZ
比亚迪,SZ002594,002594.SZ
豪迈科技,SZ002595,002595.SZ
海南瑞泽,SZ002596,002596.SZ
金禾实业,SZ002597,002597.SZ
山东章鼓,SZ002598,002598.SZ
盛通股份,SZ002599,002599.SZ
江粉磁材,SZ002600,002600.SZ
佰利联,SZ002601,002601.SZ
世纪华通,SZ002602,002602.SZ
以岭药业,SZ002603,002603.SZ
龙力生物,SZ002604,002604.SZ
姚记扑克,SZ002605,002605.SZ
大连电瓷,SZ002606,002606.SZ
亚夏汽车,SZ002607,002607.SZ
*ST舜船,SZ002608,002608.SZ
捷顺科技,SZ002609,002609.SZ
爱康科技,SZ002610,002610.SZ
东方精工,SZ002611,002611.SZ
朗姿股份,SZ002612,002612.SZ
北玻股份,SZ002613,002613.SZ
蒙发利,SZ002614,002614.SZ
哈尔斯,SZ002615,002615.SZ
长青集团,SZ002616,002616.SZ
露笑科技,SZ002617,002617.SZ
丹邦科技,SZ002618,002618.SZ
巨龙管业,SZ002619,002619.SZ
瑞和股份,SZ002620,002620.SZ
三垒股份,SZ002621,002621.SZ
永大集团,SZ002622,002622.SZ
亚玛顿,SZ002623,002623.SZ
完美环球,SZ002624,002624.SZ
龙生股份,SZ002625,002625.SZ
金达威,SZ002626,002626.SZ
宜昌交运,SZ002627,002627.SZ
成都路桥,SZ002628,002628.SZ
仁智油服,SZ002629,002629.SZ
华西能源,SZ002630,002630.SZ
德尔未来,SZ002631,002631.SZ
道明光学,SZ002632,002632.SZ
*ST申科,SZ002633,002633.SZ
棒杰股份,SZ002634,002634.SZ
安洁科技,SZ002635,002635.SZ
金安国纪,SZ002636,002636.SZ
赞宇科技,SZ002637,002637.SZ
勤上光电,SZ002638,002638.SZ
雪人股份,SZ002639,002639.SZ
跨境通,SZ002640,002640.SZ
永高股份,SZ002641,002641.SZ
荣之联,SZ002642,002642.SZ
万润股份,SZ002643,002643.SZ
佛慈制药,SZ002644,002644.SZ
华宏科技,SZ002645,002645.SZ
青青稞酒,SZ002646,002646.SZ
宏磊股份,SZ002647,002647.SZ
卫星石化,SZ002648,002648.SZ
博彦科技,SZ002649,002649.SZ
加加食品,SZ002650,002650.SZ
利君股份,SZ002651,002651.SZ
扬子新材,SZ002652,002652.SZ
海思科,SZ002653,002653.SZ
万润科技,SZ002654,002654.SZ
共达电声,SZ002655,002655.SZ
卡奴迪路,SZ002656,002656.SZ
中科金财,SZ002657,002657.SZ
雪迪龙,SZ002658,002658.SZ
中泰桥梁,SZ002659,002659.SZ
茂硕电源,SZ002660,002660.SZ
克明面业,SZ002661,002661.SZ
京威股份,SZ002662,002662.SZ
普邦园林,SZ002663,002663.SZ
信质电机,SZ002664,002664.SZ
首航节能,SZ002665,002665.SZ
德联集团,SZ002666,002666.SZ
鞍重股份,SZ002667,002667.SZ
奥马电器,SZ002668,002668.SZ
康达新材,SZ002669,002669.SZ
华声股份,SZ002670,002670.SZ
龙泉股份,SZ002671,002671.SZ
东江环保,SZ002672,002672.SZ
西部证券,SZ002673,002673.SZ
兴业科技,SZ002674,002674.SZ
东诚药业,SZ002675,002675.SZ
顺威股份,SZ002676,002676.SZ
浙江美大,SZ002677,002677.SZ
珠江钢琴,SZ002678,002678.SZ
福建金森,SZ002679,002679.SZ
黄海机械,SZ002680,002680.SZ
奋达科技,SZ002681,002681.SZ
龙洲股份,SZ002682,002682.SZ
宏大爆破,SZ002683,002683.SZ
猛狮科技,SZ002684,002684.SZ
华东重机,SZ002685,002685.SZ
亿利达,SZ002686,002686.SZ
乔治白,SZ002687,002687.SZ
金河生物,SZ002688,002688.SZ
博林特,SZ002689,002689.SZ
美亚光电,SZ002690,002690.SZ
冀凯股份,SZ002691,002691.SZ
远程电缆,SZ002692,002692.SZ
双成药业,SZ002693,002693.SZ
顾地科技,SZ002694,002694.SZ
煌上煌,SZ002695,002695.SZ
百洋股份,SZ002696,002696.SZ
红旗连锁,SZ002697,002697.SZ
博实股份,SZ002698,002698.SZ
美盛文化,SZ002699,002699.SZ
新疆浩源,SZ002700,002700.SZ
奥瑞金,SZ002701,002701.SZ
海欣食品,SZ002702,002702.SZ
浙江世宝,SZ002703,002703.SZ
新宝股份,SZ002705,002705.SZ
良信电器,SZ002706,002706.SZ
众信旅游,SZ002707,002707.SZ
光洋股份,SZ002708,002708.SZ
天赐材料,SZ002709,002709.SZ
欧浦智网,SZ002711,002711.SZ
思美传媒,SZ002712,002712.SZ
东易日盛,SZ002713,002713.SZ
牧原股份,SZ002714,002714.SZ
登云股份,SZ002715,002715.SZ
金贵银业,SZ002716,002716.SZ
岭南园林,SZ002717,002717.SZ
友邦吊顶,SZ002718,002718.SZ
麦趣尔,SZ002719,002719.SZ
金一文化,SZ002721,002721.SZ
金轮股份,SZ002722,002722.SZ
金莱特,SZ002723,002723.SZ
海洋王,SZ002724,002724.SZ
跃岭股份,SZ002725,002725.SZ
龙大肉食,SZ002726,002726.SZ
一心堂,SZ002727,002727.SZ
台城制药,SZ002728,002728.SZ
好利来,SZ002729,002729.SZ
电光科技,SZ002730,002730.SZ
萃华珠宝,SZ002731,002731.SZ
燕塘乳业,SZ002732,002732.SZ
雄韬股份,SZ002733,002733.SZ
利民股份,SZ002734,002734.SZ
王子新材,SZ002735,002735.SZ
国信证券,SZ002736,002736.SZ
葵花药业,SZ002737,002737.SZ
中矿资源,SZ002738,002738.SZ
万达院线,SZ002739,002739.SZ
爱迪尔,SZ002740,002740.SZ
光华科技,SZ002741,002741.SZ
三圣特材,SZ002742,002742.SZ
富煌钢构,SZ002743,002743.SZ
木林森,SZ002745,002745.SZ
仙坛股份,SZ002746,002746.SZ
埃斯顿,SZ002747,002747.SZ
世龙实业,SZ002748,002748.SZ
国光股份,SZ002749,002749.SZ
龙津药业,SZ002750,002750.SZ
易尚展示,SZ002751,002751.SZ
昇兴股份,SZ002752,002752.SZ
永东股份,SZ002753,002753.SZ
东方新星,SZ002755,002755.SZ
永兴特钢,SZ002756,002756.SZ
南兴装备,SZ002757,002757.SZ
华通医药,SZ002758,002758.SZ
天际股份,SZ002759,002759.SZ
凤形股份,SZ002760,002760.SZ
多喜爱,SZ002761,002761.SZ
金发拉比,SZ002762,002762.SZ
汇洁股份,SZ002763,002763.SZ
蓝黛传动,SZ002765,002765.SZ
索菱股份,SZ002766,002766.SZ
先锋电子,SZ002767,002767.SZ
国恩股份,SZ002768,002768.SZ
普路通,SZ002769,002769.SZ
科迪乳业,SZ002770,002770.SZ
真视通,SZ002771,002771.SZ
众兴菌业,SZ002772,002772.SZ
康弘药业,SZ002773,002773.SZ
文科园林,SZ002775,002775.SZ
柏堡龙,SZ002776,002776.SZ
深物业B,SZ200011,200011.SZ
南 玻Ｂ,SZ200012,200012.SZ
深康佳Ｂ,SZ200016,200016.SZ
深中华B,SZ200017,200017.SZ
中冠B,SZ200018,200018.SZ
深深宝Ｂ,SZ200019,200019.SZ
深华发Ｂ,SZ200020,200020.SZ
深赤湾Ｂ,SZ200022,200022.SZ
招商局Ｂ,SZ200024,200024.SZ
特 力Ｂ,SZ200025,200025.SZ
飞亚达Ｂ,SZ200026,200026.SZ
一致Ｂ,SZ200028,200028.SZ
深深房Ｂ,SZ200029,200029.SZ
富奥B,SZ200030,200030.SZ
深南电Ｂ,SZ200037,200037.SZ
深纺织Ｂ,SZ200045,200045.SZ
深基地Ｂ,SZ200053,200053.SZ
建摩B,SZ200054,200054.SZ
方大Ｂ,SZ200055,200055.SZ
皇庭B,SZ200056,200056.SZ
深赛格B,SZ200058,200058.SZ
山 航Ｂ,SZ200152,200152.SZ
南江B,SZ200160,200160.SZ
雷伊B,SZ200168,200168.SZ
东旭B,SZ200413,200413.SZ
小天鹅Ｂ,SZ200418,200418.SZ
粤高速Ｂ,SZ200429,200429.SZ
宁通信Ｂ,SZ200468,200468.SZ
晨 鸣Ｂ,SZ200488,200488.SZ
珠江B,SZ200505,200505.SZ
闽灿坤Ｂ,SZ200512,200512.SZ
皖美菱Ｂ,SZ200521,200521.SZ
大 冷Ｂ,SZ200530,200530.SZ
粤电力Ｂ,SZ200539,200539.SZ
粤照明Ｂ,SZ200541,200541.SZ
江 铃Ｂ,SZ200550,200550.SZ
沙隆达Ｂ,SZ200553,200553.SZ
苏常柴Ｂ,SZ200570,200570.SZ
苏威孚Ｂ,SZ200581,200581.SZ
古井贡Ｂ,SZ200596,200596.SZ
大东海B,SZ200613,200613.SZ
长 安Ｂ,SZ200625,200625.SZ
瓦 轴Ｂ,SZ200706,200706.SZ
京东方Ｂ,SZ200725,200725.SZ
鲁 泰Ｂ,SZ200726,200726.SZ
本钢板Ｂ,SZ200761,200761.SZ
杭汽轮Ｂ,SZ200771,200771.SZ
张 裕Ｂ,SZ200869,200869.SZ
粤华包Ｂ,SZ200986,200986.SZ
中 鲁Ｂ,SZ200992,200992.SZ
特锐德,SZ300001,300001.SZ
神州泰岳,SZ300002,300002.SZ
乐普医疗,SZ300003,300003.SZ
南风股份,SZ300004,300004.SZ
探路者,SZ300005,300005.SZ
莱美药业,SZ300006,300006.SZ
汉威电子,SZ300007,300007.SZ
上海佳豪,SZ300008,300008.SZ
安科生物,SZ300009,300009.SZ
立思辰,SZ300010,300010.SZ
鼎汉技术,SZ300011,300011.SZ
华测检测,SZ300012,300012.SZ
新宁物流,SZ300013,300013.SZ
亿纬锂能,SZ300014,300014.SZ
爱尔眼科,SZ300015,300015.SZ
北陆药业,SZ300016,300016.SZ
网宿科技,SZ300017,300017.SZ
中元华电,SZ300018,300018.SZ
硅宝科技,SZ300019,300019.SZ
银江股份,SZ300020,300020.SZ
大禹节水,SZ300021,300021.SZ
吉峰农机,SZ300022,300022.SZ
宝德股份,SZ300023,300023.SZ
机器人,SZ300024,300024.SZ
华星创业,SZ300025,300025.SZ
红日药业,SZ300026,300026.SZ
华谊兄弟,SZ300027,300027.SZ
金亚科技,SZ300028,300028.SZ
天龙光电,SZ300029,300029.SZ
阳普医疗,SZ300030,300030.SZ
宝通科技,SZ300031,300031.SZ
金龙机电,SZ300032,300032.SZ
同花顺,SZ300033,300033.SZ
钢研高纳,SZ300034,300034.SZ
中科电气,SZ300035,300035.SZ
超图软件,SZ300036,300036.SZ
新宙邦,SZ300037,300037.SZ
梅泰诺,SZ300038,300038.SZ
上海凯宝,SZ300039,300039.SZ
九洲电气,SZ300040,300040.SZ
回天新材,SZ300041,300041.SZ
朗科科技,SZ300042,300042.SZ
互动娱乐,SZ300043,300043.SZ
赛为智能,SZ300044,300044.SZ
华力创通,SZ300045,300045.SZ
台基股份,SZ300046,300046.SZ
天源迪科,SZ300047,300047.SZ
合康变频,SZ300048,300048.SZ
福瑞股份,SZ300049,300049.SZ
世纪鼎利,SZ300050,300050.SZ
三五互联,SZ300051,300051.SZ
中青宝,SZ300052,300052.SZ
欧比特,SZ300053,300053.SZ
鼎龙股份,SZ300054,300054.SZ
万邦达,SZ300055,300055.SZ
三维丝,SZ300056,300056.SZ
万顺股份,SZ300057,300057.SZ
蓝色光标,SZ300058,300058.SZ
东方财富,SZ300059,300059.SZ
康耐特,SZ300061,300061.SZ
中能电气,SZ300062,300062.SZ
天龙集团,SZ300063,300063.SZ
豫金刚石,SZ300064,300064.SZ
海兰信,SZ300065,300065.SZ
三川股份,SZ300066,300066.SZ
安诺其,SZ300067,300067.SZ
南都电源,SZ300068,300068.SZ
金利华电,SZ300069,300069.SZ
碧水源,SZ300070,300070.SZ
华谊嘉信,SZ300071,300071.SZ
三聚环保,SZ300072,300072.SZ
当升科技,SZ300073,300073.SZ
华平股份,SZ300074,300074.SZ
数字政通,SZ300075,300075.SZ
GQY视讯,SZ300076,300076.SZ
国民技术,SZ300077,300077.SZ
思创医惠,SZ300078,300078.SZ
数码视讯,SZ300079,300079.SZ
新大新材,SZ300080,300080.SZ
恒信移动,SZ300081,300081.SZ
奥克股份,SZ300082,300082.SZ
劲胜精密,SZ300083,300083.SZ
海默科技,SZ300084,300084.SZ
银之杰,SZ300085,300085.SZ
康芝药业,SZ300086,300086.SZ
荃银高科,SZ300087,300087.SZ
长信科技,SZ300088,300088.SZ
文化长城,SZ300089,300089.SZ
盛运环保,SZ300090,300090.SZ
金通灵,SZ300091,300091.SZ
科新机电,SZ300092,300092.SZ
金刚玻璃,SZ300093,300093.SZ
国联水产,SZ300094,300094.SZ
华伍股份,SZ300095,300095.SZ
易联众,SZ300096,300096.SZ
智云股份,SZ300097,300097.SZ
高新兴,SZ300098,300098.SZ
尤洛卡,SZ300099,300099.SZ
双林股份,SZ300100,300100.SZ
振芯科技,SZ300101,300101.SZ
乾照光电,SZ300102,300102.SZ
达刚路机,SZ300103,300103.SZ
乐视网,SZ300104,300104.SZ
龙源技术,SZ300105,300105.SZ
西部牧业,SZ300106,300106.SZ
建新股份,SZ300107,300107.SZ
双龙股份,SZ300108,300108.SZ
新开源,SZ300109,300109.SZ
华仁药业,SZ300110,300110.SZ
向日葵,SZ300111,300111.SZ
万讯自控,SZ300112,300112.SZ
顺网科技,SZ300113,300113.SZ
中航电测,SZ300114,300114.SZ
长盈精密,SZ300115,300115.SZ
坚瑞消防,SZ300116,300116.SZ
嘉寓股份,SZ300117,300117.SZ
东方日升,SZ300118,300118.SZ
瑞普生物,SZ300119,300119.SZ
经纬电材,SZ300120,300120.SZ
阳谷华泰,SZ300121,300121.SZ
智飞生物,SZ300122,300122.SZ
太阳鸟,SZ300123,300123.SZ
汇川技术,SZ300124,300124.SZ
易世达,SZ300125,300125.SZ
锐奇股份,SZ300126,300126.SZ
银河磁体,SZ300127,300127.SZ
锦富新材,SZ300128,300128.SZ
泰胜风能,SZ300129,300129.SZ
新国都,SZ300130,300130.SZ
英唐智控,SZ300131,300131.SZ
青松股份,SZ300132,300132.SZ
华策影视,SZ300133,300133.SZ
大富科技,SZ300134,300134.SZ
宝利国际,SZ300135,300135.SZ
信维通信,SZ300136,300136.SZ
先河环保,SZ300137,300137.SZ
晨光生物,SZ300138,300138.SZ
福星晓程,SZ300139,300139.SZ
启源装备,SZ300140,300140.SZ
和顺电气,SZ300141,300141.SZ
沃森生物,SZ300142,300142.SZ
星河生物,SZ300143,300143.SZ
宋城演艺,SZ300144,300144.SZ
南方泵业,SZ300145,300145.SZ
汤臣倍健,SZ300146,300146.SZ
香雪制药,SZ300147,300147.SZ
天舟文化,SZ300148,300148.SZ
量子高科,SZ300149,300149.SZ
世纪瑞尔,SZ300150,300150.SZ
昌红科技,SZ300151,300151.SZ
科融环境,SZ300152,300152.SZ
科泰电源,SZ300153,300153.SZ
瑞凌股份,SZ300154,300154.SZ
安居宝,SZ300155,300155.SZ
神雾环保,SZ300156,300156.SZ
恒泰艾普,SZ300157,300157.SZ
振东制药,SZ300158,300158.SZ
新研股份,SZ300159,300159.SZ
秀强股份,SZ300160,300160.SZ
华中数控,SZ300161,300161.SZ
雷曼股份,SZ300162,300162.SZ
先锋新材,SZ300163,300163.SZ
通源石油,SZ300164,300164.SZ
天瑞仪器,SZ300165,300165.SZ
东方国信,SZ300166,300166.SZ
迪威视讯,SZ300167,300167.SZ
万达信息,SZ300168,300168.SZ
天晟新材,SZ300169,300169.SZ
汉得信息,SZ300170,300170.SZ
东富龙,SZ300171,300171.SZ
中电环保,SZ300172,300172.SZ
智慧松德,SZ300173,300173.SZ
元力股份,SZ300174,300174.SZ
朗源股份,SZ300175,300175.SZ
鸿特精密,SZ300176,300176.SZ
中海达,SZ300177,300177.SZ
腾邦国际,SZ300178,300178.SZ
四方达,SZ300179,300179.SZ
华峰超纤,SZ300180,300180.SZ
佐力药业,SZ300181,300181.SZ
捷成股份,SZ300182,300182.SZ
东软载波,SZ300183,300183.SZ
力源信息,SZ300184,300184.SZ
通裕重工,SZ300185,300185.SZ
大华农,SZ300186,300186.SZ
永清环保,SZ300187,300187.SZ
美亚柏科,SZ300188,300188.SZ
神农大丰,SZ300189,300189.SZ
维尔利,SZ300190,300190.SZ
潜能恒信,SZ300191,300191.SZ
科斯伍德,SZ300192,300192.SZ
佳士科技,SZ300193,300193.SZ
福安药业,SZ300194,300194.SZ
长荣股份,SZ300195,300195.SZ
长海股份,SZ300196,300196.SZ
铁汉生态,SZ300197,300197.SZ
纳川股份,SZ300198,300198.SZ
翰宇药业,SZ300199,300199.SZ
高盟新材,SZ300200,300200.SZ
海伦哲,SZ300201,300201.SZ
聚龙股份,SZ300202,300202.SZ
聚光科技,SZ300203,300203.SZ
舒泰神,SZ300204,300204.SZ
天喻信息,SZ300205,300205.SZ
理邦仪器,SZ300206,300206.SZ
欣旺达,SZ300207,300207.SZ
恒顺众昇,SZ300208,300208.SZ
天泽信息,SZ300209,300209.SZ
森远股份,SZ300210,300210.SZ
亿通科技,SZ300211,300211.SZ
易华录,SZ300212,300212.SZ
佳讯飞鸿,SZ300213,300213.SZ
日科化学,SZ300214,300214.SZ
电科院,SZ300215,300215.SZ
千山药机,SZ300216,300216.SZ
东方电热,SZ300217,300217.SZ
安利股份,SZ300218,300218.SZ
鸿利光电,SZ300219,300219.SZ
金运激光,SZ300220,300220.SZ
银禧科技,SZ300221,300221.SZ
科大智能,SZ300222,300222.SZ
北京君正,SZ300223,300223.SZ
正海磁材,SZ300224,300224.SZ
金力泰,SZ300225,300225.SZ
上海钢联,SZ300226,300226.SZ
光韵达,SZ300227,300227.SZ
富瑞特装,SZ300228,300228.SZ
拓尔思,SZ300229,300229.SZ
永利带业,SZ300230,300230.SZ
银信科技,SZ300231,300231.SZ
洲明科技,SZ300232,300232.SZ
金城医药,SZ300233,300233.SZ
开尔新材,SZ300234,300234.SZ
方直科技,SZ300235,300235.SZ
上海新阳,SZ300236,300236.SZ
美晨科技,SZ300237,300237.SZ
冠昊生物,SZ300238,300238.SZ
东宝生物,SZ300239,300239.SZ
飞力达,SZ300240,300240.SZ
瑞丰光电,SZ300241,300241.SZ
明家科技,SZ300242,300242.SZ
瑞丰高材,SZ300243,300243.SZ
迪安诊断,SZ300244,300244.SZ
天玑科技,SZ300245,300245.SZ
宝莱特,SZ300246,300246.SZ
乐金健康,SZ300247,300247.SZ
新开普,SZ300248,300248.SZ
依米康,SZ300249,300249.SZ
初灵信息,SZ300250,300250.SZ
光线传媒,SZ300251,300251.SZ
金信诺,SZ300252,300252.SZ
卫宁软件,SZ300253,300253.SZ
仟源医药,SZ300254,300254.SZ
常山药业,SZ300255,300255.SZ
星星科技,SZ300256,300256.SZ
开山股份,SZ300257,300257.SZ
精锻科技,SZ300258,300258.SZ
新天科技,SZ300259,300259.SZ
新莱应材,SZ300260,300260.SZ
雅本化学,SZ300261,300261.SZ
巴安水务,SZ300262,300262.SZ
隆华节能,SZ300263,300263.SZ
佳创视讯,SZ300264,300264.SZ
通光线缆,SZ300265,300265.SZ
兴源环境,SZ300266,300266.SZ
尔康制药,SZ300267,300267.SZ
万福生科,SZ300268,300268.SZ
联建光电,SZ300269,300269.SZ
中威电子,SZ300270,300270.SZ
华宇软件,SZ300271,300271.SZ
开能环保,SZ300272,300272.SZ
和佳股份,SZ300273,300273.SZ
阳光电源,SZ300274,300274.SZ
梅安森,SZ300275,300275.SZ
三丰智能,SZ300276,300276.SZ
海联讯,SZ300277,300277.SZ
华昌达,SZ300278,300278.SZ
和晶科技,SZ300279,300279.SZ
南通锻压,SZ300280,300280.SZ
金明精机,SZ300281,300281.SZ
汇冠股份,SZ300282,300282.SZ
温州宏丰,SZ300283,300283.SZ
苏交科,SZ300284,300284.SZ
国瓷材料,SZ300285,300285.SZ
安科瑞,SZ300286,300286.SZ
飞利信,SZ300287,300287.SZ
朗玛信息,SZ300288,300288.SZ
利德曼,SZ300289,300289.SZ
荣科科技,SZ300290,300290.SZ
华录百纳,SZ300291,300291.SZ
吴通控股,SZ300292,300292.SZ
蓝英装备,SZ300293,300293.SZ
博雅生物,SZ300294,300294.SZ
三六五网,SZ300295,300295.SZ
利亚德,SZ300296,300296.SZ
蓝盾股份,SZ300297,300297.SZ
三诺生物,SZ300298,300298.SZ
富春通信,SZ300299,300299.SZ
汉鼎股份,SZ300300,300300.SZ
长方照明,SZ300301,300301.SZ
同有科技,SZ300302,300302.SZ
聚飞光电,SZ300303,300303.SZ
云意电气,SZ300304,300304.SZ
裕兴股份,SZ300305,300305.SZ
远方光电,SZ300306,300306.SZ
慈星股份,SZ300307,300307.SZ
中际装备,SZ300308,300308.SZ
吉艾科技,SZ300309,300309.SZ
宜通世纪,SZ300310,300310.SZ
任子行,SZ300311,300311.SZ
邦讯技术,SZ300312,300312.SZ
天山生物,SZ300313,300313.SZ
戴维医疗,SZ300314,300314.SZ
掌趣科技,SZ300315,300315.SZ
晶盛机电,SZ300316,300316.SZ
珈伟股份,SZ300317,300317.SZ
博晖创新,SZ300318,300318.SZ
麦捷科技,SZ300319,300319.SZ
海达股份,SZ300320,300320.SZ
同大股份,SZ300321,300321.SZ
硕贝德,SZ300322,300322.SZ
华灿光电,SZ300323,300323.SZ
旋极信息,SZ300324,300324.SZ
德威新材,SZ300325,300325.SZ
凯利泰,SZ300326,300326.SZ
中颖电子,SZ300327,300327.SZ
宜安科技,SZ300328,300328.SZ
海伦钢琴,SZ300329,300329.SZ
华虹计通,SZ300330,300330.SZ
苏大维格,SZ300331,300331.SZ
天壕环境,SZ300332,300332.SZ
兆日科技,SZ300333,300333.SZ
津膜科技,SZ300334,300334.SZ
迪森股份,SZ300335,300335.SZ
新文化,SZ300336,300336.SZ
银邦股份,SZ300337,300337.SZ
开元仪器,SZ300338,300338.SZ
润和软件,SZ300339,300339.SZ
科恒股份,SZ300340,300340.SZ
麦迪电气,SZ300341,300341.SZ
天银机电,SZ300342,300342.SZ
联创股份,SZ300343,300343.SZ
太空板业,SZ300344,300344.SZ
红宇新材,SZ300345,300345.SZ
南大光电,SZ300346,300346.SZ
泰格医药,SZ300347,300347.SZ
长亮科技,SZ300348,300348.SZ
金卡股份,SZ300349,300349.SZ
华鹏飞,SZ300350,300350.SZ
永贵电器,SZ300351,300351.SZ
北信源,SZ300352,300352.SZ
东土科技,SZ300353,300353.SZ
东华测试,SZ300354,300354.SZ
蒙草抗旱,SZ300355,300355.SZ
光一科技,SZ300356,300356.SZ
我武生物,SZ300357,300357.SZ
楚天科技,SZ300358,300358.SZ
全通教育,SZ300359,300359.SZ
炬华科技,SZ300360,300360.SZ
天保重装,SZ300362,300362.SZ
博腾股份,SZ300363,300363.SZ
中文在线,SZ300364,300364.SZ
恒华科技,SZ300365,300365.SZ
创意信息,SZ300366,300366.SZ
东方网力,SZ300367,300367.SZ
汇金股份,SZ300368,300368.SZ
绿盟科技,SZ300369,300369.SZ
安控科技,SZ300370,300370.SZ
汇中股份,SZ300371,300371.SZ
欣泰电气,SZ300372,300372.SZ
扬杰科技,SZ300373,300373.SZ
恒通科技,SZ300374,300374.SZ
鹏翎股份,SZ300375,300375.SZ
易事特,SZ300376,300376.SZ
赢时胜,SZ300377,300377.SZ
鼎捷软件,SZ300378,300378.SZ
东方通,SZ300379,300379.SZ
安硕信息,SZ300380,300380.SZ
溢多利,SZ300381,300381.SZ
斯莱克,SZ300382,300382.SZ
光环新网,SZ300383,300383.SZ
三联虹普,SZ300384,300384.SZ
雪浪环境,SZ300385,300385.SZ
飞天诚信,SZ300386,300386.SZ
富邦股份,SZ300387,300387.SZ
国祯环保,SZ300388,300388.SZ
艾比森,SZ300389,300389.SZ
天华超净,SZ300390,300390.SZ
康跃科技,SZ300391,300391.SZ
腾信股份,SZ300392,300392.SZ
中来股份,SZ300393,300393.SZ
天孚通信,SZ300394,300394.SZ
菲利华,SZ300395,300395.SZ
迪瑞医疗,SZ300396,300396.SZ
天和防务,SZ300397,300397.SZ
飞凯材料,SZ300398,300398.SZ
京天利,SZ300399,300399.SZ
劲拓股份,SZ300400,300400.SZ
花园生物,SZ300401,300401.SZ
宝色股份,SZ300402,300402.SZ
地尔汉宇,SZ300403,300403.SZ
博济医药,SZ300404,300404.SZ
科隆精化,SZ300405,300405.SZ
九强生物,SZ300406,300406.SZ
凯发电气,SZ300407,300407.SZ
三环集团,SZ300408,300408.SZ
道氏技术,SZ300409,300409.SZ
正业科技,SZ300410,300410.SZ
金盾股份,SZ300411,300411.SZ
迦南科技,SZ300412,300412.SZ
快乐购,SZ300413,300413.SZ
中光防雷,SZ300414,300414.SZ
伊之密,SZ300415,300415.SZ
苏试试验,SZ300416,300416.SZ
南华仪器,SZ300417,300417.SZ
昆仑万维,SZ300418,300418.SZ
浩丰科技,SZ300419,300419.SZ
五洋科技,SZ300420,300420.SZ
力星股份,SZ300421,300421.SZ
博世科,SZ300422,300422.SZ
鲁亿通,SZ300423,300423.SZ
航新科技,SZ300424,300424.SZ
环能科技,SZ300425,300425.SZ
唐德影视,SZ300426,300426.SZ
红相电力,SZ300427,300427.SZ
四通新材,SZ300428,300428.SZ
强力新材,SZ300429,300429.SZ
诚益通,SZ300430,300430.SZ
暴风科技,SZ300431,300431.SZ
富临精工,SZ300432,300432.SZ
蓝思科技,SZ300433,300433.SZ
金石东方,SZ300434,300434.SZ
中泰股份,SZ300435,300435.SZ
广生堂,SZ300436,300436.SZ
清水源,SZ300437,300437.SZ
鹏辉能源,SZ300438,300438.SZ
美康生物,SZ300439,300439.SZ
运达科技,SZ300440,300440.SZ
鲍斯股份,SZ300441,300441.SZ
普丽盛,SZ300442,300442.SZ
金雷风电,SZ300443,300443.SZ
双杰电气,SZ300444,300444.SZ
康斯特,SZ300445,300445.SZ
乐凯新材,SZ300446,300446.SZ
全信股份,SZ300447,300447.SZ
浩云科技,SZ300448,300448.SZ
汉邦高科,SZ300449,300449.SZ
先导股份,SZ300450,300450.SZ
创业软件,SZ300451,300451.SZ
山河药辅,SZ300452,300452.SZ
三鑫医疗,SZ300453,300453.SZ
康拓红外,SZ300455,300455.SZ
耐威科技,SZ300456,300456.SZ
赢合科技,SZ300457,300457.SZ
全志科技,SZ300458,300458.SZ
浙江金科,SZ300459,300459.SZ
惠伦晶体,SZ300460,300460.SZ
田中精机,SZ300461,300461.SZ
华铭智能,SZ300462,300462.SZ
迈克生物,SZ300463,300463.SZ
星徽精密,SZ300464,300464.SZ
高伟达,SZ300465,300465.SZ
赛摩电气,SZ300466,300466.SZ
迅游科技,SZ300467,300467.SZ
四方精创,SZ300468,300468.SZ
信息发展,SZ300469,300469.SZ
日机密封,SZ300470,300470.SZ
厚普股份,SZ300471,300471.SZ
新元科技,SZ300472,300472.SZ
德尔股份,SZ300473,300473.SZ
聚隆科技,SZ300475,300475.SZ
胜宏科技,SZ300476,300476.SZ
合纵科技,SZ300477,300477.SZ
杭州高新,SZ300478,300478.SZ
神思电子,SZ300479,300479.SZ
光力科技,SZ300480,300480.SZ
濮阳惠成,SZ300481,300481.SZ
万孚生物,SZ300482,300482.SZ
沃施股份,SZ300483,300483.SZ
赛升药业,SZ300485,300485.SZ
东杰智能,SZ300486,300486.SZ
蓝晓科技,SZ300487,300487.SZ
恒锋工具,SZ300488,300488.SZ
中飞股份,SZ300489,300489.SZ
浦发银行,SS600000,600000.SS
邯郸钢铁,SS600001,600001.SS
齐鲁石化,SS600002,600002.SS
ST东北,SS600003,600003.SS
白云机场,SS600004,600004.SS
武钢股份,SS600005,600005.SS
东风汽车,SS600006,600006.SS
中国国贸,SS600007,600007.SS
首创股份,SS600008,600008.SS
上海机场,SS600009,600009.SS
包钢股份,SS600010,600010.SS
华能国际,SS600011,600011.SS
皖通高速,SS600012,600012.SS
华夏银行,SS600015,600015.SS
民生银行,SS600016,600016.SS
日照港,SS600017,600017.SS
上港集团,SS600018,600018.SS
宝钢股份,SS600019,600019.SS
中原高速,SS600020,600020.SS
上海电力,SS600021,600021.SS
山东钢铁,SS600022,600022.SS
浙能电力,SS600023,600023.SS
中海发展,SS600026,600026.SS
华电国际,SS600027,600027.SS
中国石化,SS600028,600028.SS
南方航空,SS600029,600029.SS
中信证券,SS600030,600030.SS
三一重工,SS600031,600031.SS
福建高速,SS600033,600033.SS
楚天高速,SS600035,600035.SS
招商银行,SS600036,600036.SS
歌华有线,SS600037,600037.SS
中直股份,SS600038,600038.SS
四川路桥,SS600039,600039.SS
保利地产,SS600048,600048.SS
中国联通,SS600050,600050.SS
宁波联合,SS600051,600051.SS
浙江广厦,SS600052,600052.SS
中江地产,SS600053,600053.SS
黄山旅游,SS600054,600054.SS
华润万东,SS600055,600055.SS
中国医药,SS600056,600056.SS
象屿股份,SS600057,600057.SS
五矿发展,SS600058,600058.SS
古越龙山,SS600059,600059.SS
海信电器,SS600060,600060.SS
国投安信,SS600061,600061.SS
华润双鹤,SS600062,600062.SS
皖维高新,SS600063,600063.SS
南京高科,SS600064,600064.SS
*ST联,SS600065,600065.SS
宇通客车,SS600066,600066.SS
冠城大通,SS600067,600067.SS
葛洲坝,SS600068,600068.SS
*ST银,SS600069,600069.SS
浙江富润,SS600070,600070.SS
*ST光,SS600071,600071.SS
钢构工程,SS600072,600072.SS
上海梅林,SS600073,600073.SS
保千里,SS600074,600074.SS
新疆天业,SS600075,600075.SS
青鸟华光,SS600076,600076.SS
宋都股份,SS600077,600077.SS
澄星股份,SS600078,600078.SS
人福医药,SS600079,600079.SS
金花股份,SS600080,600080.SS
东风科技,SS600081,600081.SS
海泰发展,SS600082,600082.SS
博信股份,SS600083,600083.SS
中葡股份,SS600084,600084.SS
同仁堂,SS600085,600085.SS
东方金钰,SS600086,600086.SS
退市长油,SS600087,600087.SS
中视传媒,SS600088,600088.SS
特变电工,SS600089,600089.SS
啤酒花,SS600090,600090.SS
*ST明,SS600091,600091.SS
S*ST,SS600092,600092.SS
禾嘉股份,SS600093,600093.SS
大名城,SS600094,600094.SS
哈高科,SS600095,600095.SS
云天化,SS600096,600096.SS
开创国际,SS600097,600097.SS
广州发展,SS600098,600098.SS
林海股份,SS600099,600099.SS
同方股份,SS600100,600100.SS
明星电力,SS600101,600101.SS
莱钢股份,SS600102,600102.SS
青山纸业,SS600103,600103.SS
上汽集团,SS600104,600104.SS
永鼎股份,SS600105,600105.SS
重庆路桥,SS600106,600106.SS
美尔雅,SS600107,600107.SS
亚盛集团,SS600108,600108.SS
国金证券,SS600109,600109.SS
中科英华,SS600110,600110.SS
北方稀土,SS600111,600111.SS
天成控股,SS600112,600112.SS
浙江东日,SS600113,600113.SS
东睦股份,SS600114,600114.SS
东方航空,SS600115,600115.SS
三峡水利,SS600116,600116.SS
西宁特钢,SS600117,600117.SS
中国卫星,SS600118,600118.SS
长江投资,SS600119,600119.SS
浙江东方,SS600120,600120.SS
郑州煤电,SS600121,600121.SS
宏图高科,SS600122,600122.SS
兰花科创,SS600123,600123.SS
铁龙物流,SS600125,600125.SS
杭钢股份,SS600126,600126.SS
金健米业,SS600127,600127.SS
弘业股份,SS600128,600128.SS
太极集团,SS600129,600129.SS
波导股份,SS600130,600130.SS
岷江水电,SS600131,600131.SS
重庆啤酒,SS600132,600132.SS
东湖高新,SS600133,600133.SS
乐凯胶片,SS600135,600135.SS
道博股份,SS600136,600136.SS
浪莎股份,SS600137,600137.SS
中青旅,SS600138,600138.SS
西部资源,SS600139,600139.SS
兴发集团,SS600141,600141.SS
金发科技,SS600143,600143.SS
*ST新,SS600145,600145.SS
商赢环球,SS600146,600146.SS
长春一东,SS600148,600148.SS
廊坊发展,SS600149,600149.SS
中国船舶,SS600150,600150.SS
航天机电,SS600151,600151.SS
维科精华,SS600152,600152.SS
建发股份,SS600153,600153.SS
宝硕股份,SS600155,600155.SS
华升股份,SS600156,600156.SS
永泰能源,SS600157,600157.SS
中体产业,SS600158,600158.SS
大龙地产,SS600159,600159.SS
巨化股份,SS600160,600160.SS
天坛生物,SS600161,600161.SS
香江控股,SS600162,600162.SS
*ST南,SS600163,600163.SS
新日恒力,SS600165,600165.SS
福田汽车,SS600166,600166.SS
联美控股,SS600167,600167.SS
武汉控股,SS600168,600168.SS
太原重工,SS600169,600169.SS
上海建工,SS600170,600170.SS
上海贝岭,SS600171,600171.SS
黄河旋风,SS600172,600172.SS
卧龙地产,SS600173,600173.SS
美都能源,SS600175,600175.SS
中国巨石,SS600176,600176.SS
雅戈尔,SS600177,600177.SS
东安动力,SS600178,600178.SS
黑化股份,SS600179,600179.SS
瑞茂通,SS600180,600180.SS
S*ST,SS600181,600181.SS
S佳通,SS600182,600182.SS
生益科技,SS600183,600183.SS
光电股份,SS600184,600184.SS
格力地产,SS600185,600185.SS
莲花味精,SS600186,600186.SS
国中水务,SS600187,600187.SS
兖州煤业,SS600188,600188.SS
吉林森工,SS600189,600189.SS
锦州港,SS600190,600190.SS
华资实业,SS600191,600191.SS
长城电工,SS600192,600192.SS
创兴资源,SS600193,600193.SS
中牧股份,SS600195,600195.SS
复星医药,SS600196,600196.SS
伊力特,SS600197,600197.SS
大唐电信,SS600198,600198.SS
金种子酒,SS600199,600199.SS
江苏吴中,SS600200,600200.SS
金宇集团,SS600201,600201.SS
哈空调,SS600202,600202.SS
福日电子,SS600203,600203.SS
S山东铝,SS600205,600205.SS
有研新材,SS600206,600206.SS
安彩高科,SS600207,600207.SS
新湖中宝,SS600208,600208.SS
罗顿发展,SS600209,600209.SS
紫江企业,SS600210,600210.SS
西藏药业,SS600211,600211.SS
江泉实业,SS600212,600212.SS
亚星客车,SS600213,600213.SS
长春经开,SS600215,600215.SS
浙江医药,SS600216,600216.SS
*ST秦,SS600217,600217.SS
全柴动力,SS600218,600218.SS
南山铝业,SS600219,600219.SS
江苏阳光,SS600220,600220.SS
海南航空,SS600221,600221.SS
太龙药业,SS600222,600222.SS
鲁商置业,SS600223,600223.SS
天津松江,SS600225,600225.SS
升华拜克,SS600226,600226.SS
赤天化,SS600227,600227.SS
昌九生化,SS600228,600228.SS
城市传媒,SS600229,600229.SS
沧州大化,SS600230,600230.SS
凌钢股份,SS600231,600231.SS
金鹰股份,SS600232,600232.SS
大杨创世,SS600233,600233.SS
山水文化,SS600234,600234.SS
民丰特纸,SS600235,600235.SS
桂冠电力,SS600236,600236.SS
铜峰电子,SS600237,600237.SS
海南椰岛,SS600238,600238.SS
云南城投,SS600239,600239.SS
华业资本,SS600240,600240.SS
时代万恒,SS600241,600241.SS
*ST中,SS600242,600242.SS
青海华鼎,SS600243,600243.SS
万通地产,SS600246,600246.SS
*ST成,SS600247,600247.SS
延长化建,SS600248,600248.SS
两面针,SS600249,600249.SS
南纺股份,SS600250,600250.SS
冠农股份,SS600251,600251.SS
中恒集团,SS600252,600252.SS
天方药业,SS600253,600253.SS
鑫科材料,SS600255,600255.SS
广汇能源,SS600256,600256.SS
大湖股份,SS600257,600257.SS
首旅酒店,SS600258,600258.SS
广晟有色,SS600259,600259.SS
凯乐科技,SS600260,600260.SS
阳光照明,SS600261,600261.SS
北方股份,SS600262,600262.SS
路桥建设,SS600263,600263.SS
ST景谷,SS600265,600265.SS
北京城建,SS600266,600266.SS
海正药业,SS600267,600267.SS
国电南自,SS600268,600268.SS
赣粤高速,SS600269,600269.SS
外运发展,SS600270,600270.SS
航天信息,SS600271,600271.SS
开开实业,SS600272,600272.SS
嘉化能源,SS600273,600273.SS
武昌鱼,SS600275,600275.SS
恒瑞医药,SS600276,600276.SS
亿利能源,SS600277,600277.SS
东方创业,SS600278,600278.SS
重庆港九,SS600279,600279.SS
中央商场,SS600280,600280.SS
太化股份,SS600281,600281.SS
南钢股份,SS600282,600282.SS
钱江水利,SS600283,600283.SS
浦东建设,SS600284,600284.SS
羚锐制药,SS600285,600285.SS
S*ST,SS600286,600286.SS
江苏舜天,SS600287,600287.SS
大恒科技,SS600288,600288.SS
亿阳信通,SS600289,600289.SS
华仪电气,SS600290,600290.SS
西水股份,SS600291,600291.SS
中电远达,SS600292,600292.SS
三峡新材,SS600293,600293.SS
鄂尔多斯,SS600295,600295.SS
S兰铝,SS600296,600296.SS
广汇汽车,SS600297,600297.SS
安琪酵母,SS600298,600298.SS
蓝星新材,SS600299,600299.SS
维维股份,SS600300,600300.SS
*ST南,SS600301,600301.SS
标准股份,SS600302,600302.SS
曙光股份,SS600303,600303.SS
恒顺醋业,SS600305,600305.SS
商业城,SS600306,600306.SS
酒钢宏兴,SS600307,600307.SS
华泰股份,SS600308,600308.SS
万华化学,SS600309,600309.SS
桂东电力,SS600310,600310.SS
荣华实业,SS600311,600311.SS
平高电气,SS600312,600312.SS
农发种业,SS600313,600313.SS
上海家化,SS600315,600315.SS
洪都航空,SS600316,600316.SS
营口港,SS600317,600317.SS
巢东股份,SS600318,600318.SS
亚星化学,SS600319,600319.SS
振华重工,SS600320,600320.SS
国栋建设,SS600321,600321.SS
天房发展,SS600322,600322.SS
瀚蓝环境,SS600323,600323.SS
华发股份,SS600325,600325.SS
西藏天路,SS600326,600326.SS
大东方,SS600327,600327.SS
兰太实业,SS600328,600328.SS
中新药业,SS600329,600329.SS
天通股份,SS600330,600330.SS
宏达股份,SS600331,600331.SS
白云山,SS600332,600332.SS
长春燃气,SS600333,600333.SS
国机汽车,SS600335,600335.SS
澳柯玛(,SS600336,600336.SS
美克家居,SS600337,600337.SS
西藏珠峰,SS600338,600338.SS
天利高新,SS600339,600339.SS
华夏幸福,SS600340,600340.SS
航天动力,SS600343,600343.SS
长江通信,SS600345,600345.SS
大橡塑,SS600346,600346.SS
阳泉煤业,SS600348,600348.SS
富通昭和,SS600349,600349.SS
山东高速,SS600350,600350.SS
亚宝药业,SS600351,600351.SS
浙江龙盛,SS600352,600352.SS
旭光股份,SS600353,600353.SS
敦煌种业,SS600354,600354.SS
精伦电子,SS600355,600355.SS
恒丰纸业,SS600356,600356.SS
承德钒钛,SS600357,600357.SS
国旅联合,SS600358,600358.SS
新农开发,SS600359,600359.SS
华微电子,SS600360,600360.SS
华联综超,SS600361,600361.SS
江西铜业,SS600362,600362.SS
联创光电,SS600363,600363.SS
通葡股份,SS600365,600365.SS
宁波韵升,SS600366,600366.SS
红星发展,SS600367,600367.SS
五洲交通,SS600368,600368.SS
西南证券,SS600369,600369.SS
三房巷,SS600370,600370.SS
万向德农,SS600371,600371.SS
中航电子,SS600372,600372.SS
中文传媒,SS600373,600373.SS
华菱星马,SS600375,600375.SS
首开股份,SS600376,600376.SS
宁沪高速,SS600377,600377.SS
天科股份,SS600378,600378.SS
宝光股份,SS600379,600379.SS
健康元,SS600380,600380.SS
青海春天,SS600381,600381.SS
广东明珠,SS600382,600382.SS
金地集团,SS600383,600383.SS
山东金泰,SS600385,600385.SS
北巴传媒,SS600386,600386.SS
海越股份,SS600387,600387.SS
龙净环保,SS600388,600388.SS
江山股份,SS600389,600389.SS
金瑞科技,SS600390,600390.SS
成发科技,SS600391,600391.SS
盛和资源,SS600392,600392.SS
东华实业,SS600393,600393.SS
盘江股份,SS600395,600395.SS
金山股份,SS600396,600396.SS
安源煤业,SS600397,600397.SS
海澜之家,SS600398,600398.SS
抚顺特钢,SS600399,600399.SS
红豆股份,SS600400,600400.SS
*ST海,SS600401,600401.SS
大有能源,SS600403,600403.SS
动力源,SS600405,600405.SS
国电南瑞,SS600406,600406.SS
*ST安,SS600408,600408.SS
三友化工,SS600409,600409.SS
华胜天成,SS600410,600410.SS
小商品城,SS600415,600415.SS
湘电股份,SS600416,600416.SS
江淮汽车,SS600418,600418.SS
天润乳业,SS600419,600419.SS
现代制药,SS600420,600420.SS
仰帆控股,SS600421,600421.SS
昆药集团,SS600422,600422.SS
柳化股份,SS600423,600423.SS
青松建化,SS600425,600425.SS
华鲁恒升,SS600426,600426.SS
中远航运,SS600428,600428.SS
三元股份,SS600429,600429.SS
吉恩镍业,SS600432,600432.SS
冠豪高新,SS600433,600433.SS
北方导航,SS600435,600435.SS
片仔癀,SS600436,600436.SS
通威股份,SS600438,600438.SS
瑞贝卡,SS600439,600439.SS
*ST国,SS600444,600444.SS
金证股份,SS600446,600446.SS
华纺股份,SS600448,600448.SS
宁夏建材,SS600449,600449.SS
涪陵电力,SS600452,600452.SS
博通股份,SS600455,600455.SS
宝钛股份,SS600456,600456.SS
时代新材,SS600458,600458.SS
贵研铂业,SS600459,600459.SS
士兰微,SS600460,600460.SS
洪城水业,SS600461,600461.SS
石岘纸业,SS600462,600462.SS
空港股份,SS600463,600463.SS
蓝光发展,SS600466,600466.SS
好当家,SS600467,600467.SS
百利电气,SS600468,600468.SS
风神股份,SS600469,600469.SS
六国化工,SS600470,600470.SS
包头铝业,SS600472,600472.SS
华光股份,SS600475,600475.SS
湘邮科技,SS600476,600476.SS
杭萧钢构,SS600477,600477.SS
科力远,SS600478,600478.SS
千金药业,SS600479,600479.SS
凌云股份,SS600480,600480.SS
双良节能,SS600481,600481.SS
风帆股份,SS600482,600482.SS
福建南纺,SS600483,600483.SS
信威集团,SS600485,600485.SS
扬农化工,SS600486,600486.SS
亨通光电,SS600487,600487.SS
天药股份,SS600488,600488.SS
中金黄金,SS600489,600489.SS
鹏欣资源,SS600490,600490.SS
龙元建设,SS600491,600491.SS
凤竹纺织,SS600493,600493.SS
晋西车轴,SS600495,600495.SS
精工钢构,SS600496,600496.SS
驰宏锌锗,SS600497,600497.SS
烽火通信,SS600498,600498.SS
科达洁能,SS600499,600499.SS
中化国际,SS600500,600500.SS
航天晨光,SS600501,600501.SS
安徽水利,SS600502,600502.SS
华丽家族,SS600503,600503.SS
西昌电力,SS600505,600505.SS
香梨股份,SS600506,600506.SS
方大特钢,SS600507,600507.SS
上海能源,SS600508,600508.SS
天富能源,SS600509,600509.SS
黑牡丹,SS600510,600510.SS
国药股份,SS600511,600511.SS
腾达建设,SS600512,600512.SS
联环药业,SS600513,600513.SS
海岛建设,SS600515,600515.SS
方大炭素,SS600516,600516.SS
置信电气,SS600517,600517.SS
康美药业,SS600518,600518.SS
贵州茅台,SS600519,600519.SS
中发科技,SS600520,600520.SS
华海药业,SS600521,600521.SS
中天科技,SS600522,600522.SS
贵航股份,SS600523,600523.SS
长园集团,SS600525,600525.SS
菲达环保,SS600526,600526.SS
江南高纤,SS600527,600527.SS
中铁二局,SS600528,600528.SS
山东药玻,SS600529,600529.SS
交大昂立,SS600530,600530.SS
豫光金铅,SS600531,600531.SS
宏达矿业,SS600532,600532.SS
栖霞建设,SS600533,600533.SS
天士力,SS600535,600535.SS
中国软件,SS600536,600536.SS
亿晶光电,SS600537,600537.SS
国发股份,SS600538,600538.SS
*ST狮,SS600539,600539.SS
新赛股份,SS600540,600540.SS
莫高股份,SS600543,600543.SS
新疆城建,SS600545,600545.SS
山煤国际,SS600546,600546.SS
山东黄金,SS600547,600547.SS
深高速,SS600548,600548.SS
厦门钨业,SS600549,600549.SS
保变电气,SS600550,600550.SS
时代出版,SS600551,600551.SS
方兴科技,SS600552,600552.SS
太行水泥,SS600553,600553.SS
九龙山,SS600555,600555.SS
慧球科技,SS600556,600556.SS
康缘药业,SS600557,600557.SS
大西洋,SS600558,600558.SS
老白干酒,SS600559,600559.SS
金自天正,SS600560,600560.SS
江西长运,SS600561,600561.SS
国睿科技,SS600562,600562.SS
法拉电子,SS600563,600563.SS
迪马股份,SS600565,600565.SS
济川药业,SS600566,600566.SS
山鹰纸业,SS600567,600567.SS
中珠控股,SS600568,600568.SS
安阳钢铁,SS600569,600569.SS
恒生电子,SS600570,600570.SS
信雅达,SS600571,600571.SS
康恩贝,SS600572,600572.SS
惠泉啤酒,SS600573,600573.SS
皖江物流,SS600575,600575.SS
万好万家,SS600576,600576.SS
精达股份,SS600577,600577.SS
京能电力,SS600578,600578.SS
天华院,SS600579,600579.SS
卧龙电气,SS600580,600580.SS
八一钢铁,SS600581,600581.SS
天地科技,SS600582,600582.SS
海油工程,SS600583,600583.SS
长电科技,SS600584,600584.SS
海螺水泥,SS600585,600585.SS
金晶科技,SS600586,600586.SS
新华医疗,SS600587,600587.SS
用友网络,SS600588,600588.SS
广东榕泰,SS600589,600589.SS
泰豪科技,SS600590,600590.SS
*ST上,SS600591,600591.SS
龙溪股份,SS600592,600592.SS
大连圣亚,SS600593,600593.SS
益佰制药,SS600594,600594.SS
中孚实业,SS600595,600595.SS
新安股份,SS600596,600596.SS
光明乳业,SS600597,600597.SS
北大荒,SS600598,600598.SS
熊猫金控,SS600599,600599.SS
青岛啤酒,SS600600,600600.SS
方正科技,SS600601,600601.SS
仪电电子,SS600602,600602.SS
大洲兴业,SS600603,600603.SS
市北高新,SS600604,600604.SS
汇通能源,SS600605,600605.SS
绿地控股,SS600606,600606.SS
上实医药,SS600607,600607.SS
*ST沪,SS600608,600608.SS
金杯汽车,SS600609,600609.SS
中毅达,SS600610,600610.SS
大众交通,SS600611,600611.SS
老凤祥,SS600612,600612.SS
神奇制药,SS600613,600613.SS
鼎立股份,SS600614,600614.SS
丰华股份,SS600615,600615.SS
金枫酒业,SS600616,600616.SS
国新能源,SS600617,600617.SS
氯碱化工,SS600618,600618.SS
海立股份,SS600619,600619.SS
天宸股份,SS600620,600620.SS
华鑫股份,SS600621,600621.SS
嘉宝集团,SS600622,600622.SS
双钱股份,SS600623,600623.SS
复旦复华,SS600624,600624.SS
PT水仙,SS600625,600625.SS
申达股份,SS600626,600626.SS
上电股份,SS600627,600627.SS
新世界,SS600628,600628.SS
棱光实业,SS600629,600629.SS
龙头股份,SS600630,600630.SS
百联股份,SS600631,600631.SS
华联商厦,SS600632,600632.SS
浙报传媒,SS600633,600633.SS
中技控股,SS600634,600634.SS
大众公用,SS600635,600635.SS
三爱富,SS600636,600636.SS
东方明珠,SS600637,600637.SS
新黄浦,SS600638,600638.SS
浦东金桥,SS600639,600639.SS
号百控股,SS600640,600640.SS
万业企业,SS600641,600641.SS
申能股份,SS600642,600642.SS
爱建集团,SS600643,600643.SS
*ST乐,SS600644,600644.SS
中源协和,SS600645,600645.SS
ST国嘉,SS600646,600646.SS
同达创业,SS600647,600647.SS
外高桥,SS600648,600648.SS
城投控股,SS600649,600649.SS
锦江投资,SS600650,600650.SS
飞乐音响,SS600651,600651.SS
游久游戏,SS600652,600652.SS
申华控股,SS600653,600653.SS
中安消,SS600654,600654.SS
豫园商城,SS600655,600655.SS
*ST博,SS600656,600656.SS
信达地产,SS600657,600657.SS
电子城,SS600658,600658.SS
*ST花,SS600659,600659.SS
福耀玻璃,SS600660,600660.SS
新南洋,SS600661,600661.SS
强生控股,SS600662,600662.SS
陆家嘴,SS600663,600663.SS
哈药股份,SS600664,600664.SS
天地源,SS600665,600665.SS
奥瑞德,SS600666,600666.SS
太极实业,SS600667,600667.SS
尖峰集团,SS600668,600668.SS
*ST鞍,SS600669,600669.SS
*ST斯,SS600670,600670.SS
天目药业,SS600671,600671.SS
*ST华,SS600672,600672.SS
东阳光科,SS600673,600673.SS
川投能源,SS600674,600674.SS
中华企业,SS600675,600675.SS
交运股份,SS600676,600676.SS
航天通信,SS600677,600677.SS
四川金顶,SS600678,600678.SS
金山开发,SS600679,600679.SS
上海普天,SS600680,600680.SS
万鸿集团,SS600681,600681.SS
南京新百,SS600682,600682.SS
京投银泰,SS600683,600683.SS
珠江实业,SS600684,600684.SS
中船防务,SS600685,600685.SS
金龙汽车,SS600686,600686.SS
刚泰控股,SS600687,600687.SS
上海石化,SS600688,600688.SS
上海三毛,SS600689,600689.SS
青岛海尔,SS600690,600690.SS
*ST阳,SS600691,600691.SS
亚通股份,SS600692,600692.SS
东百集团,SS600693,600693.SS
大商股份,SS600694,600694.SS
绿庭投资,SS600695,600695.SS
匹凸匹,SS600696,600696.SS
欧亚集团,SS600697,600697.SS
湖南天雁,SS600698,600698.SS
均胜电子,SS600699,600699.SS
*ST数,SS600700,600700.SS
工大高新,SS600701,600701.SS
沱牌舍得,SS600702,600702.SS
三安光电,SS600703,600703.SS
物产中大,SS600704,600704.SS
中航资本,SS600705,600705.SS
曲江文旅,SS600706,600706.SS
彩虹股份,SS600707,600707.SS
海博股份,SS600708,600708.SS
ST生态,SS600709,600709.SS
*ST常,SS600710,600710.SS
盛屯矿业,SS600711,600711.SS
南宁百货,SS600712,600712.SS
南京医药,SS600713,600713.SS
金瑞矿业,SS600714,600714.SS
*ST松,SS600715,600715.SS
凤凰股份,SS600716,600716.SS
天津港,SS600717,600717.SS
东软集团,SS600718,600718.SS
大连热电,SS600719,600719.SS
祁连山,SS600720,600720.SS
百花村,SS600721,600721.SS
*ST金,SS600722,600722.SS
首商股份,SS600723,600723.SS
宁波富达,SS600724,600724.SS
云维股份,SS600725,600725.SS
华电能源,SS600726,600726.SS
鲁北化工,SS600727,600727.SS
佳都科技,SS600728,600728.SS
重庆百货,SS600729,600729.SS
中国高科,SS600730,600730.SS
湖南海利,SS600731,600731.SS
*ST新,SS600732,600732.SS
S前锋,SS600733,600733.SS
实达集团,SS600734,600734.SS
新华锦,SS600735,600735.SS
苏州高新,SS600736,600736.SS
中粮屯河,SS600737,600737.SS
兰州民百,SS600738,600738.SS
辽宁成大,SS600739,600739.SS
山西焦化,SS600740,600740.SS
华域汽车,SS600741,600741.SS
一汽富维,SS600742,600742.SS
华远地产,SS600743,600743.SS
华银电力,SS600744,600744.SS
中茵股份,SS600745,600745.SS
江苏索普,SS600746,600746.SS
大连控股,SS600747,600747.SS
上实发展,SS600748,600748.SS
西藏旅游,SS600749,600749.SS
江中药业,SS600750,600750.SS
天海投资,SS600751,600751.SS
*ST哈,SS600752,600752.SS
东方银星,SS600753,600753.SS
锦江股份,SS600754,600754.SS
厦门国贸,SS600755,600755.SS
浪潮软件,SS600756,600756.SS
长江传媒,SS600757,600757.SS
红阳能源,SS600758,600758.SS
洲际油气,SS600759,600759.SS
中航黑豹,SS600760,600760.SS
安徽合力,SS600761,600761.SS
S*ST,SS600762,600762.SS
通策医疗,SS600763,600763.SS
中电广通,SS600764,600764.SS
中航重机,SS600765,600765.SS
园城黄金,SS600766,600766.SS
运盛医疗,SS600767,600767.SS
宁波富邦,SS600768,600768.SS
祥龙电业,SS600769,600769.SS
综艺股份,SS600770,600770.SS
广誉远,SS600771,600771.SS
S*ST,SS600772,600772.SS
西藏城投,SS600773,600773.SS
汉商集团,SS600774,600774.SS
南京熊猫,SS600775,600775.SS
东方通信,SS600776,600776.SS
新潮实业,SS600777,600777.SS
友好集团,SS600778,600778.SS
*ST水,SS600779,600779.SS
通宝能源,SS600780,600780.SS
辅仁药业,SS600781,600781.SS
新钢股份,SS600782,600782.SS
鲁信创投,SS600783,600783.SS
鲁银投资,SS600784,600784.SS
新华百货,SS600785,600785.SS
东方锅炉,SS600786,600786.SS
中储股份,SS600787,600787.SS
*ST达,SS600788,600788.SS
鲁抗医药,SS600789,600789.SS
轻纺城,SS600790,600790.SS
京能置业,SS600791,600791.SS
云煤能源,SS600792,600792.SS
ST宜纸,SS600793,600793.SS
保税科技,SS600794,600794.SS
国电电力,SS600795,600795.SS
钱江生化,SS600796,600796.SS
浙大网新,SS600797,600797.SS
宁波海运,SS600798,600798.SS
*ST龙,SS600799,600799.SS
天津磁卡,SS600800,600800.SS
华新水泥,SS600801,600801.SS
福建水泥,SS600802,600802.SS
新奥股份,SS600803,600803.SS
鹏博士,SS600804,600804.SS
悦达投资,SS600805,600805.SS
昆明机床,SS600806,600806.SS
天业股份,SS600807,600807.SS
马钢股份,SS600808,600808.SS
山西汾酒,SS600809,600809.SS
神马股份,SS600810,600810.SS
东方集团,SS600811,600811.SS
华北制药,SS600812,600812.SS
ST鞍一,SS600813,600813.SS
杭州解百,SS600814,600814.SS
厦工股份,SS600815,600815.SS
安信信托,SS600816,600816.SS
ST宏盛,SS600817,600817.SS
中路股份,SS600818,600818.SS
耀皮玻璃,SS600819,600819.SS
隧道股份,SS600820,600820.SS
津劝业,SS600821,600821.SS
上海物贸,SS600822,600822.SS
世茂股份,SS600823,600823.SS
益民集团,SS600824,600824.SS
新华传媒,SS600825,600825.SS
兰生股份,SS600826,600826.SS
百联股份,SS600827,600827.SS
成商集团,SS600828,600828.SS
人民同泰,SS600829,600829.SS
香溢融通,SS600830,600830.SS
广电网络,SS600831,600831.SS
东方明珠,SS600832,600832.SS
第一医药,SS600833,600833.SS
申通地铁,SS600834,600834.SS
上海机电,SS600835,600835.SS
界龙实业,SS600836,600836.SS
海通证券,SS600837,600837.SS
上海九百,SS600838,600838.SS
四川长虹,SS600839,600839.SS
新湖创业,SS600840,600840.SS
上柴股份,SS600841,600841.SS
中西药业,SS600842,600842.SS
上工申贝,SS600843,600843.SS
丹化科技,SS600844,600844.SS
宝信软件,SS600845,600845.SS
同济科技,SS600846,600846.SS
万里股份,SS600847,600847.SS
自仪股份,SS600848,600848.SS
上药转换,SS600849,600849.SS
华东电脑,SS600850,600850.SS
海欣股份,SS600851,600851.SS
*ST中,SS600852,600852.SS
龙建股份,SS600853,600853.SS
春兰股份,SS600854,600854.SS
航天长峰,SS600855,600855.SS
长百集团,SS600856,600856.SS
宁波中百,SS600857,600857.SS
银座股份,SS600858,600858.SS
王府井,SS600859,600859.SS
京城股份,SS600860,600860.SS
北京城乡,SS600861,600861.SS
南通科技,SS600862,600862.SS
内蒙华电,SS600863,600863.SS
哈投股份,SS600864,600864.SS
百大集团,SS600865,600865.SS
星湖科技,SS600866,600866.SS
通化东宝,SS600867,600867.SS
梅雁吉祥,SS600868,600868.SS
智慧能源,SS600869,600869.SS
*ST厦,SS600870,600870.SS
石化油服,SS600871,600871.SS
中炬高新,SS600872,600872.SS
梅花生物,SS600873,600873.SS
创业环保,SS600874,600874.SS
东方电气,SS600875,600875.SS
洛阳玻璃,SS600876,600876.SS
中国嘉陵,SS600877,600877.SS
*ST北,SS600878,600878.SS
航天电子,SS600879,600879.SS
博瑞传播,SS600880,600880.SS
亚泰集团,SS600881,600881.SS
华联矿业,SS600882,600882.SS
博闻科技,SS600883,600883.SS
杉杉股份,SS600884,600884.SS
宏发股份,SS600885,600885.SS
国投电力,SS600886,600886.SS
伊利股份,SS600887,600887.SS
新疆众和,SS600888,600888.SS
南京化纤,SS600889,600889.SS
中房股份,SS600890,600890.SS
秋林集团,SS600891,600891.SS
宝诚股份,SS600892,600892.SS
中航动力,SS600893,600893.SS
广日股份,SS600894,600894.SS
张江高科,SS600895,600895.SS
中海海盛,SS600896,600896.SS
厦门空港,SS600897,600897.SS
三联商社,SS600898,600898.SS
*ST信,SS600899,600899.SS
长江电力,SS600900,600900.SS
重庆燃气,SS600917,600917.SS
东方证券,SS600958,600958.SS
江苏有线,SS600959,600959.SS
渤海活塞,SS600960,600960.SS
株冶集团,SS600961,600961.SS
*ST中,SS600962,600962.SS
岳阳林纸,SS600963,600963.SS
福成五丰,SS600965,600965.SS
博汇纸业,SS600966,600966.SS
北方创业,SS600967,600967.SS
郴电国际,SS600969,600969.SS
中材国际,SS600970,600970.SS
恒源煤电,SS600971,600971.SS
宝胜股份,SS600973,600973.SS
新五丰,SS600975,600975.SS
健民集团,SS600976,600976.SS
宜华木业,SS600978,600978.SS
广安爱众,SS600979,600979.SS
北矿磁材,SS600980,600980.SS
汇鸿集团,SS600981,600981.SS
宁波热电,SS600982,600982.SS
惠而浦,SS600983,600983.SS
*ST建,SS600984,600984.SS
雷鸣科化,SS600985,600985.SS
科达股份,SS600986,600986.SS
航民股份,SS600987,600987.SS
赤峰黄金,SS600988,600988.SS
四创电子,SS600990,600990.SS
广汽长丰,SS600991,600991.SS
贵绳股份,SS600992,600992.SS
马应龙,SS600993,600993.SS
文山电力,SS600995,600995.SS
开滦股份,SS600997,600997.SS
九州通,SS600998,600998.SS
招商证券,SS600999,600999.SS
唐山港,SS601000,601000.SS
大同煤业,SS601001,601001.SS
晋亿实业,SS601002,601002.SS
柳钢股份,SS601003,601003.SS
重庆钢铁,SS601005,601005.SS
大秦铁路,SS601006,601006.SS
金陵饭店,SS601007,601007.SS
连云港,SS601008,601008.SS
南京银行,SS601009,601009.SS
文峰股份,SS601010,601010.SS
宝泰隆,SS601011,601011.SS
隆基股份,SS601012,601012.SS
陕西黑猫,SS601015,601015.SS
节能风电,SS601016,601016.SS
宁波港,SS601018,601018.SS
春秋航空,SS601021,601021.SS
玉龙股份,SS601028,601028.SS
一拖股份,SS601038,601038.SS
赛轮金宇,SS601058,601058.SS
西部黄金,SS601069,601069.SS
中国神华,SS601088,601088.SS
中南传媒,SS601098,601098.SS
太平洋,SS601099,601099.SS
恒立油缸,SS601100,601100.SS
昊华能源,SS601101,601101.SS
中国一重,SS601106,601106.SS
四川成渝,SS601107,601107.SS
中国国航,SS601111,601111.SS
华鼎股份,SS601113,601113.SS
三江购物,SS601116,601116.SS
中国化学,SS601117,601117.SS
海南橡胶,SS601118,601118.SS
四方股份,SS601126,601126.SS
博威合金,SS601137,601137.SS
深圳燃气,SS601139,601139.SS
重庆水务,SS601158,601158.SS
兴业银行,SS601166,601166.SS
西部矿业,SS601168,601168.SS
北京银行,SS601169,601169.SS
杭齿前进,SS601177,601177.SS
中国西电,SS601179,601179.SS
中国铁建,SS601186,601186.SS
龙江交通,SS601188,601188.SS
东兴证券,SS601198,601198.SS
江南水务,SS601199,601199.SS
东材科技,SS601208,601208.SS
国泰君安,SS601211,601211.SS
内蒙君正,SS601216,601216.SS
吉鑫科技,SS601218,601218.SS
林洋电子,SS601222,601222.SS
陕西煤业,SS601225,601225.SS
华电重工,SS601226,601226.SS
环旭电子,SS601231,601231.SS
桐昆股份,SS601233,601233.SS
广汽集团,SS601238,601238.SS
庞大集团,SS601258,601258.SS
*ST二,SS601268,601268.SS
农业银行,SS601288,601288.SS
中国北车,SS601299,601299.SS
骆驼股份,SS601311,601311.SS
江南嘉捷,SS601313,601313.SS
中国平安,SS601318,601318.SS
交通银行,SS601328,601328.SS
广深铁路,SS601333,601333.SS
新华保险,SS601336,601336.SS
百隆东方,SS601339,601339.SS
绿城水务,SS601368,601368.SS
陕鼓动力,SS601369,601369.SS
兴业证券,SS601377,601377.SS
怡球资源,SS601388,601388.SS
中国中铁,SS601390,601390.SS
工商银行,SS601398,601398.SS
东风股份,SS601515,601515.SS
吉林高速,SS601518,601518.SS
大智慧,SS601519,601519.SS
东吴证券,SS601555,601555.SS
华锐风电,SS601558,601558.SS
九牧王,SS601566,601566.SS
三星医疗,SS601567,601567.SS
会稽山,SS601579,601579.SS
北辰实业,SS601588,601588.SS
鹿港科技,SS601599,601599.SS
中国铝业,SS601600,601600.SS
中国太保,SS601601,601601.SS
上海医药,SS601607,601607.SS
中信重工,SS601608,601608.SS
广电电气,SS601616,601616.SS
中国中冶,SS601618,601618.SS
中国人寿,SS601628,601628.SS
长城汽车,SS601633,601633.SS
旗滨集团,SS601636,601636.SS
平煤股份,SS601666,601666.SS
中国建筑,SS601668,601668.SS
中国电建,SS601669,601669.SS
明泰铝业,SS601677,601677.SS
滨化股份,SS601678,601678.SS
华泰证券,SS601688,601688.SS
拓普集团,SS601689,601689.SS
潞安环能,SS601699,601699.SS
风范股份,SS601700,601700.SS
郑煤机,SS601717,601717.SS
际华集团,SS601718,601718.SS
上海电气,SS601727,601727.SS
中国中车,SS601766,601766.SS
力帆股份,SS601777,601777.SS
光大证券,SS601788,601788.SS
宁波建工,SS601789,601789.SS
蓝科高新,SS601798,601798.SS
星宇股份,SS601799,601799.SS
中国交建,SS601800,601800.SS
皖新传媒,SS601801,601801.SS
中海油服,SS601808,601808.SS
光大银行,SS601818,601818.SS
中国石油,SS601857,601857.SS
中海集运,SS601866,601866.SS
招商轮船,SS601872,601872.SS
正泰电器,SS601877,601877.SS
大连港,SS601880,601880.SS
江河创建,SS601886,601886.SS
中国国旅,SS601888,601888.SS
亚星锚链,SS601890,601890.SS
中煤能源,SS601898,601898.SS
紫金矿业,SS601899,601899.SS
方正证券,SS601901,601901.SS
京运通,SS601908,601908.SS
国投新集,SS601918,601918.SS
中国远洋,SS601919,601919.SS
凤凰传媒,SS601928,601928.SS
吉视传媒,SS601929,601929.SS
永辉超市,SS601933,601933.SS
建设银行,SS601939,601939.SS
金钼股份,SS601958,601958.SS
中国汽研,SS601965,601965.SS
宝钢包装,SS601968,601968.SS
海南矿业,SS601969,601969.SS
中国核电,SS601985,601985.SS
中国银行,SS601988,601988.SS
中国重工,SS601989,601989.SS
大唐发电,SS601991,601991.SS
金隅股份,SS601992,601992.SS
丰林集团,SS601996,601996.SS
中信银行,SS601998,601998.SS
出版传媒,SS601999,601999.SS
人民网,SS603000,603000.SS
奥康国际,SS603001,603001.SS
宏昌电子,SS603002,603002.SS
龙宇燃油,SS603003,603003.SS
晶方科技,SS603005,603005.SS
联明股份,SS603006,603006.SS
喜临门,SS603008,603008.SS
北特科技,SS603009,603009.SS
万盛股份,SS603010,603010.SS
合锻股份,SS603011,603011.SS
创力集团,SS603012,603012.SS
弘讯科技,SS603015,603015.SS
中衡设计,SS603017,603017.SS
设计股份,SS603018,603018.SS
中科曙光,SS603019,603019.SS
爱普股份,SS603020,603020.SS
山东华鹏,SS603021,603021.SS
新通联,SS603022,603022.SS
威帝股份,SS603023,603023.SS
大豪科技,SS603025,603025.SS
石大胜华,SS603026,603026.SS
全筑股份,SS603030,603030.SS
音飞储存,SS603066,603066.SS
和邦生物,SS603077,603077.SS
天成自控,SS603085,603085.SS
宁波精达,SS603088,603088.SS
长白山,SS603099,603099.SS
川仪股份,SS603100,603100.SS
润达医疗,SS603108,603108.SS
康尼机电,SS603111,603111.SS
红蜻蜓,SS603116,603116.SS
万林股份,SS603117,603117.SS
共进股份,SS603118,603118.SS
翠微股份,SS603123,603123.SS
中材节能,SS603126,603126.SS
华贸物流,SS603128,603128.SS
腾龙股份,SS603158,603158.SS
福达股份,SS603166,603166.SS
渤海轮渡,SS603167,603167.SS
莎普爱思,SS603168,603168.SS
兰石重装,SS603169,603169.SS
亚邦股份,SS603188,603188.SS
迎驾贡酒,SS603198,603198.SS
九华旅游,SS603199,603199.SS
济民制药,SS603222,603222.SS
恒通股份,SS603223,603223.SS
雪峰科技,SS603227,603227.SS
松发股份,SS603268,603268.SS
海天味业,SS603288,603288.SS
井神股份,SS603299,603299.SS
华铁科技,SS603300,603300.SS
华懋科技,SS603306,603306.SS
应流股份,SS603308,603308.SS
维力医疗,SS603309,603309.SS
金海环境,SS603311,603311.SS
福鞍股份,SS603315,603315.SS
派思股份,SS603318,603318.SS
依顿电子,SS603328,603328.SS
明星电缆,SS603333,603333.SS
浙江鼎力,SS603338,603338.SS
莱克电气,SS603355,603355.SS
日出东方,SS603366,603366.SS
柳州医药,SS603368,603368.SS
今世缘,SS603369,603369.SS
邦宝益智,SS603398,603398.SS
新华龙,SS603399,603399.SS
九洲药业,SS603456,603456.SS
思维列控,SS603508,603508.SS
维格娜丝,SS603518,603518.SS
立霸股份,SS603519,603519.SS
贵人鸟,SS603555,603555.SS
健盛集团,SS603558,603558.SS
普莱柯,SS603566,603566.SS
珍宝岛,SS603567,603567.SS
伟明环保,SS603568,603568.SS
高能环境,SS603588,603588.SS
口子窖,SS603589,603589.SS
引力传媒,SS603598,603598.SS
广信股份,SS603599,603599.SS
永艺股份,SS603600,603600.SS
再升科技,SS603601,603601.SS
东方电缆,SS603606,603606.SS
禾丰牧业,SS603609,603609.SS
诺力股份,SS603611,603611.SS
韩建河山,SS603616,603616.SS
杭电股份,SS603618,603618.SS
南威软件,SS603636,603636.SS
灵康药业,SS603669,603669.SS
火炬电子,SS603678,603678.SS
龙马环卫,SS603686,603686.SS
石英股份,SS603688,603688.SS
安记食品,SS603696,603696.SS
航天工程,SS603698,603698.SS
纽威股份,SS603699,603699.SS
盛洋科技,SS603703,603703.SS
海利生物,SS603718,603718.SS
龙韵股份,SS603729,603729.SS
隆鑫通用,SS603766,603766.SS
乾景园林,SS603778,603778.SS
宁波高发,SS603788,603788.SS
星光农机,SS603789,603789.SS
华友钴业,SS603799,603799.SS
道森股份,SS603800,603800.SS
福斯特,SS603806,603806.SS
歌力思,SS603808,603808.SS
曲美家居,SS603818,603818.SS
柯利达,SS603828,603828.SS
四通股份,SS603838,603838.SS
桃李面包,SS603866,603866.SS
北部湾旅,SS603869,603869.SS
老百姓,SS603883,603883.SS
吉祥航空,SS603885,603885.SS
新澳股份,SS603889,603889.SS
好莱客,SS603898,603898.SS
晨光文具,SS603899,603899.SS
永创智能,SS603901,603901.SS
金桥信息,SS603918,603918.SS
博敏电子,SS603936,603936.SS
益丰药房,SS603939,603939.SS
醋化股份,SS603968,603968.SS
银龙股份,SS603969,603969.SS
金诚信,SS603979,603979.SS
中电电机,SS603988,603988.SS
艾华集团,SS603989,603989.SS
洛阳钼业,SS603993,603993.SS
中新科技,SS603996,603996.SS
继峰股份,SS603997,603997.SS
方盛制药,SS603998,603998.SS
读者传媒,SS603999,603999.SS
